dataset	regnet	knownmodules	F1rp	F1rprr	F1rr	F1ss	consensus	fmeasure_flowcap	fmeasure_wiwie	precision	recall	recovery	relevance	sensitivity	specificity	vmeasure_wiwie	F1rp_std	F1rprr_std	F1rr_std	F1ss_std	consensus_std	fmeasure_flowcap_std	fmeasure_wiwie_std	precision_std	recall_std	recovery_std	relevance_std	sensitivity_std	specificity_std	vmeasure_wiwie_std
ecoli_colombos	ecoli_regulondb	ap1	0.004279239000000001	0.0934204198	0.06378103780000001	0.1751339117	0.023049855	0.0772145882	0.0375929642	0.0086630231	0.0028625455	0.0749684065	0.0555938495	0.29579708920000003	0.124696812	0.1910220365	0.0004011781	0.0051679181	0.0033245542	0.0155168138	0.0035239107	0.0034126957	0.005487133000000001	0.0012231915	0.00032924839999999995	0.0047747821000000005	0.0033199483	0.0339739852	0.0111906563	0.0217966812
ecoli_colombos	ecoli_regulondb	ap2	0.0034180685	0.0725460878	0.0750330188	0.072860055	0.0237894423	0.0191053767	0.0224648326	0.0030522228	0.0040668823	0.109073123	0.0580112166	0.1167707172	0.0555897681	0.4006718281	0.0011225866	0.014127702	0.0128682136	0.0208511517	0.008328583	0.0054276789	0.0074870445999999985	0.0009784206	0.0015360455	0.025742003500000003	0.0092182133	0.020744005	0.0226357888	0.1200145482
ecoli_colombos	ecoli_regulondb	ap3	0.004675899999999999	0.0948608864	0.0642202872	0.1826661655	0.0253293069	0.07854971849999999	0.0366994159	0.0088268766	0.0031987125	0.0759176226	0.0557582494	0.301962704	0.1319599148	0.203238493	0.0004674013	0.0052895676	0.0038888883	0.017456698700000002	0.0025328286	0.0040135915	0.0044212031	0.0011701011999999998	0.0003779592	0.0058398607	0.0036747455	0.0395403377	0.0163207747	0.0149503127
ecoli_colombos	ecoli_regulondb	mcl1	0.0058774109	0.1027389073	0.0673174163	0.2189475333	0.041664509700000005	0.0916440434	0.0425900692	0.0085113395	0.00460115	0.0742644954	0.0618542799	0.2977910113	0.17506108850000002	0.1896530072	0.0008331012	0.0068053567	0.0050781963	0.0221556981	0.0094635296	0.0053457758	0.0029921642	0.0026335194	0.0005877068	0.005802713199999999	0.0062699525	0.0604659664	0.015026916	0.0340855279
ecoli_colombos	ecoli_regulondb	mcl2	0.0050651889	0.1022019452	0.0713534753	0.182525782	0.0374130316	0.066688596	0.0362422117	0.006922074100000001	0.004124695	0.0828625545	0.0627482974	0.2669907306	0.14099540189999998	0.2293686049	0.0006570035	0.0061932172	0.0061385247	0.0175464037	0.005870361899999999	0.0044883134	0.00595524	0.0018937166	0.0006102017	0.0081614625	0.005397680500000001	0.0609007463	0.011722879	0.0276772687
ecoli_colombos	ecoli_regulondb	mcl3	0.006028328	0.1016759973	0.0654027179	0.2297985195	0.037201577400000005	0.08934994539999999	0.0424422074	0.0102940078	0.004365294699999999	0.073035232	0.0593414471	0.3400097852	0.1765834714	0.1730461705	0.0010975635	0.0052724843000000006	0.0033514156	0.0226600446	0.006129831	0.0044253976	0.0037734832	0.0036187255	0.0005555257	0.003482086	0.0042208741	0.0754771637	0.0156414548	0.0220282198
ecoli_colombos	ecoli_regulondb	minimal	0.011867091894639302	0.12169525363099629	0.07612185763510104	0.30436918621455555	0.049042648457593235	0.20626213438311453	0.04590461533200181	0.018472695167601097	0.008843345291937161	0.08232485797211268	0.0708596781973121	0.4028815719970526	0.24790098820906606	0.13632279310469023	0.0012680799926559345	0.00448914712786994	0.0031070154993607657	0.0194314689311421	0.0060006334657603305	0.0060658183558504365	0.004145358489755162	0.0040649315425246	0.0006086708758331361	0.002710873039187406	0.004058062803312933	0.06744176962333992	0.01366943001130694	0.010877797632452245
ecoli_colombos	ecoli_regulondb	strict	0.0051091184	0.1075935112	0.0780417166	0.1754266179	0.0333387161	0.0619243291	0.0377622917	0.006561921700000001	0.004244960900000001	0.0965023743	0.06574353320000001	0.2529446944	0.1351768543	0.2909991896	0.0007183694	0.007485362	0.007846315999999999	0.0149824954	0.0083874569	0.0057250193	0.0103205075	0.000693505	0.000855449	0.006261305500000001	0.0087846852	0.0358850374	0.0116346544	0.0400398598
ecoli_colombos	ecoli_regulondb	tc1	0.0085929973	0.1035526778	0.0644195808	0.2678767989	0.0330762376	0.0951396129	0.0490787328	0.0139218306	0.0063000392	0.0739384488	0.0572237228	0.3928872324	0.2054142103	0.1410460383	0.0013029205	0.0084252492	0.006549779	0.022325529500000003	0.0072472513	0.0054138631	0.0063263661	0.0033560213	0.0007933295	0.0061356747	0.0071010261	0.0673410814	0.0170389507	0.0244904695
ecoli_colombos	ecoli_regulondb	tc2	0.0272178294	0.12701590140000002	0.07564205709999999	0.3966094923	0.051005305999999986	0.2799629086	0.0573778625	0.0352550619	0.0222072515	0.0805693665	0.0713749347	0.5553219076	0.3093347856	0.0983372041	0.0035019112	0.0036537641	0.0023506089	0.0178614319	0.004688191	0.0072010763	0.0020722658	0.0052604286	0.0027148269	0.0028922599	0.0032080073	0.0364115653	0.0186748205	0.0100762192
ecoli_colombos	ecoli_regulondb	tc3	0.0089762651	0.1042750142	0.064183445	0.2802651338	0.031921358399999995	0.0966072118	0.0467389886	0.0165905581	0.0062634704	0.07322959429999999	0.05719730980000001	0.4326930337	0.2101412129	0.1359530796	0.0014746132	0.0054255737	0.003971312	0.0235734786	0.0050400102	0.0044317215	0.0059792757	0.0051319448	0.0007820207	0.0048399546	0.0039642483	0.0825647598	0.0172618886	0.0176993649
ecoli_colombos_operon	ecoli_regulondb_operon	ap1	0.007830301613645481	0.11265551244927112	0.07845288777628398	0.2009261407928798	0.029414846964830987	0.08664507618189178	0.05013773871409292	0.015589838565284448	0.005336070656807577	0.09307935249093063	0.0679365165156546	0.3747056673479521	0.13996987068835404	0.18921169990771045	0.001311758543710922	0.009207768195591418	0.006365030793365424	0.02346455916700812	0.0074342781426636395	0.008286660177621074	0.00861063115601253	0.004728561228511055	0.0010035020517314922	0.0072551040717993565	0.006573089237779082	0.07924589498483643	0.021332715456351632	0.0356997117372879
ecoli_colombos_operon	ecoli_regulondb_operon	ap2	0.003997710915432307	0.06068741954058244	0.08088859866499616	0.0509591176733578	0.04100466406021962	0.01475164621021031	0.026078207874721208	0.0030544852973868	0.0072416468912681045	0.1066973258223258	0.0663992656682715	0.09058361391694723	0.03992467703318237	0.2745488059716657	0.0019889240516634773	0.02646345211336025	0.022332713043099712	0.02812266450088634	0.014734452357745762	0.006251203413280018	0.009502231427283816	0.002170273861091192	0.0021618382698320305	0.0342621562448026	0.018929469941881064	0.03796134952105228	0.02625989660171131	0.2774671597573515
ecoli_colombos_operon	ecoli_regulondb_operon	ap3	0.007387489776977756	0.11153219629177508	0.07647237421474111	0.2081024648992112	0.02949046657222546	0.08538967286530683	0.05064907287704072	0.014790273805395052	0.0051325980735342745	0.0923070142927514	0.06566370265744087	0.3719803595714527	0.1477446209958614	0.17785551659805826	0.001119478916335225	0.008769257864590995	0.008079652844174078	0.01332868106969628	0.012609934189484228	0.010956594467260126	0.006621324006782191	0.003105308414107253	0.0013383109677295294	0.008962146431954431	0.009086605690618024	0.08119433166943754	0.014506178207656702	0.060417715494360764
ecoli_colombos_operon	ecoli_regulondb_operon	mcl1	0.008435607151735074	0.11465019106482838	0.07496596391193112	0.2463751412024375	0.0334949196084627	0.0983403593640508	0.056998626006045564	0.012900726217845932	0.0064049211694820005	0.08987416724345153	0.06454481880396024	0.3562234686156254	0.1909052529922608	0.16755662584673542	0.0013267915665374599	0.009144931438994627	0.006742432816919766	0.02748468405315377	0.007986658962947158	0.007468505804999355	0.005944779647759359	0.004037722920692925	0.0008840760186346502	0.007454332873692253	0.007324908014824734	0.06992061233677352	0.02268175820351131	0.032157605046590335
ecoli_colombos_operon	ecoli_regulondb_operon	mcl2	0.008751331709631844	0.12293995684690374	0.0922587016228459	0.18526383681465247	0.04331767667482956	0.07041930803686182	0.05080742846673495	0.011133521810076102	0.0073598583854683685	0.10862856274857154	0.08056564675318477	0.2930797233360597	0.13675361669865818	0.2412127863978912	0.0009047816871424511	0.006431867761543961	0.006024312699320643	0.015041630508192084	0.009487392874533231	0.005634627855301245	0.0064714416515054074	0.0015921210719869005	0.0011044147625409626	0.008068578233789358	0.007334008359235686	0.03634995829361376	0.015129209884364428	0.04577084912638963
ecoli_colombos_operon	ecoli_regulondb_operon	mcl3	0.008466947792594656	0.11602469440844387	0.07667272598392623	0.2406729766824513	0.03535914928268823	0.09780099244452203	0.05685402088639465	0.014072333126188314	0.006212288455584429	0.09068342808055667	0.06679347900075293	0.3788139328899133	0.1789140970478802	0.1661655784321572	0.0016343506298305815	0.010480370735105798	0.007294622236008862	0.031353130108435434	0.007700520062171959	0.007659462246028313	0.006484369131207407	0.005558269657044333	0.0009061002105311744	0.010638431083645455	0.007498022967008656	0.0816238647901211	0.02341586444875317	0.03128050258548643
ecoli_colombos_operon	ecoli_regulondb_operon	minimal	0.016344326882567043	0.1373299932818262	0.08804359534511917	0.31332261823871616	0.04626101071310682	0.22462216337045324	0.05937591602506466	0.02668549530013314	0.011858572667994878	0.09902769722476078	0.07947504547648324	0.4576471520413424	0.2402019633958199	0.13587314406572862	0.0025061286667724053	0.0075923467290644015	0.004820435402312953	0.028942004643515793	0.0053391337917213155	0.011430270648412472	0.0038071925290597843	0.00634026831449459	0.0015885342818822488	0.005863799175445017	0.0060589503382632425	0.07586188690951258	0.021318228524710586	0.017802464803395826
ecoli_colombos_operon	ecoli_regulondb_operon	strict	0.008457809743909594	0.12942233358248076	0.0994945003801639	0.18648776533658215	0.0461488054907715	0.0692417949140002	0.053226093278641584	0.010056036902142095	0.007419048670257981	0.11767092585409895	0.08642038782718403	0.2650371982514839	0.14513092910016298	0.297419711835132	0.0009600035333152512	0.007617946758236504	0.005681673655321363	0.02092098850166876	0.008625199585437537	0.007007784717857339	0.011134407938689878	0.0014369097032787884	0.0011159109055573623	0.008654290247894214	0.00584108363133704	0.036013785244082955	0.020283818131971727	0.044526821913423234
ecoli_colombos_operon	ecoli_regulondb_operon	tc1	0.013815046823075336	0.12445611346771147	0.07923729632435023	0.2944522454642857	0.038757306468671406	0.11839209229549455	0.07223488081809883	0.020161341013201318	0.01063240399732298	0.09346627101404953	0.06925625771808369	0.4193958025716747	0.2281693196519689	0.1307643934483236	0.0027580958112510922	0.00922363094896757	0.006769056546611752	0.03742278834895914	0.007623682993386431	0.0076102932672022765	0.006019692362206206	0.006107770992972502	0.0017756031302338137	0.009972543742907744	0.00741688216363463	0.060533172479608564	0.030866261320130962	0.023854394607478797
ecoli_colombos_operon	ecoli_regulondb_operon	tc2	0.02504649963879372	0.1412476094778089	0.086878166937943	0.38096287016995983	0.049484646124577945	0.2551462083568911	0.07382061049952157	0.0458711543787303	0.017341255954749422	0.095255994008475	0.08005470998755154	0.6298212248776375	0.2745784383485467	0.0862416470076072	0.002692274395883	0.008561426773837305	0.006385071471401887	0.02872640191104185	0.0070854825903780795	0.010849949262563241	0.0020107026466905475	0.00939864369131057	0.0015661168526053555	0.008081397951672096	0.006752472938691646	0.059247513678198034	0.027759435419910074	0.021025643668118116
ecoli_colombos_operon	ecoli_regulondb_operon	tc3	0.013844344535279487	0.1255724898890178	0.08045192007792241	0.2888281984067742	0.042845547586987	0.11949699789622485	0.07121388722269792	0.020610291342039563	0.010561800407684284	0.09263970710408684	0.07138894890838463	0.4211567803428269	0.22319531940081816	0.133555264311424	0.002154091367805314	0.007713445689608119	0.005863204266397013	0.027946960770534792	0.0074064886403253675	0.007493907265200905	0.006330412873709277	0.0056146912536912605	0.0011078900782607829	0.008636622908082077	0.006092657288283689	0.05855684523955159	0.03188309038292802	0.017782857390187604
ecoli_dream5	ecoli_regulondb	ap1	0.0040721948	0.0928059622	0.06345139940000001	0.17366519730000002	0.0216119777	0.0766211312	0.0312558515	0.0096300221	0.0026150656	0.0746345984	0.0552871874	0.321898036	0.1199539499	0.2043062888	0.0005836427999999999	0.0058803682	0.0046878502	0.0136135591	0.0044474451	0.006691644399999999	0.0048507218	0.0020232316	0.0004297252	0.0041840711	0.005259940500000001	0.05923422	0.0087263511	0.0258528796
ecoli_dream5	ecoli_regulondb	ap2	0.0065149223	0.0776113658	0.0886963806	0.07259076610000001	0.033717815400000004	0.0140950622	0.0208648011	0.006085395699999999	0.0073696042	0.1311441716	0.0685108726	0.13250264550000002	0.053097091	0.3914452336	0.0018696284	0.0229754231	0.0184294273	0.028941872	0.0137732198	0.004938436599999999	0.007880042700000001	0.0017051282	0.0030194557	0.0341669768	0.0131512666	0.0205356908	0.0254388346	0.1425715703
ecoli_dream5	ecoli_regulondb	ap3	0.0041858532	0.0925193969	0.062755265	0.1767747594	0.024731626	0.0794086832	0.0396359515	0.0079187336	0.0028618062	0.0730393549	0.0551267521	0.2713247047	0.1315458524	0.1963325358	0.0004312024	0.0049173437	0.0035548488	0.013835148	0.0039780851	0.0045267654	0.0050338458	0.000998003	0.0003520818	0.0052414925	0.0034558002000000003	0.0293703604	0.0106291809	0.0225554485
ecoli_dream5	ecoli_regulondb	mcl1	0.0052248011	0.0979147195	0.0629221646	0.2218226404	0.0342837659	0.0881742445	0.0431854152	0.0092982654	0.0037607485	0.0702496535	0.0570766483	0.3383666655	0.16974933539999998	0.1699981793	0.0007034281	0.0063184239	0.0041504714	0.0215265243	0.0074044032	0.0042486557	0.0051926924	0.0028898897	0.000430484	0.0046388348	0.0044783687	0.0808387255	0.0195857224	0.0297060632
ecoli_dream5	ecoli_regulondb	mcl2	0.0045848594	0.0994563866	0.068319158	0.1845266662	0.033181609300000005	0.068547038	0.0317326598	0.006607297099999999	0.0035893209000000008	0.0795610665	0.0599441495	0.2736069424	0.1417269476	0.2254964774	0.0006413354	0.0061060602	0.004258884	0.0221456368	0.0058813876	0.0048496192	0.0034823183	0.0015626208	0.0005325198999999999	0.0046685246000000005	0.0045443242	0.0510778636	0.020917633600000003	0.0360154969
ecoli_dream5	ecoli_regulondb	mcl3	0.0047483645	0.0941580475	0.0601757338	0.2186566296	0.0330399108	0.0846270648	0.0448526602	0.0076950644	0.0035529475	0.06746319070000001	0.0544413418	0.3028805087	0.1736008843	0.1660105059	0.0006455611	0.0049905126	0.0037449695	0.0226122041	0.0067389547	0.0044397584	0.0056436389	0.0026590937	0.0003822731	0.0042083396	0.0043545256	0.0698052106	0.0116215665	0.0278128809
ecoli_dream5	ecoli_regulondb	minimal	0.012124626964735742	0.11599243470390803	0.07152475314975032	0.3078503021911248	0.04787465288696557	0.19721659433640848	0.045354145501019114	0.01911001207803666	0.008941302880131567	0.07727705444002557	0.06669840960434464	0.4266081475711231	0.2434410072102306	0.13288912447505688	0.0014004366128688888	0.004937709159970637	0.003383318600316002	0.020335167254947866	0.005210163033638501	0.008477771016026077	0.0031142876918290067	0.003891970623591799	0.000807676085339433	0.004451908126600047	0.0038483279469514187	0.0682126215212451	0.01438337081246294	0.009208626568550572
ecoli_dream5	ecoli_regulondb	strict	0.0051266316	0.1086980931	0.0789297679	0.17573213140000002	0.0344495004	0.0633426352	0.0383267313	0.006548012299999999	0.0043050327	0.0967302428	0.0667298472	0.2464507938	0.1372977529	0.3081464636	0.0011303277	0.0101677995	0.007960139100000001	0.0209012867	0.0075048904	0.0052795809	0.0065853076000000005	0.0022239321	0.0009324979	0.0089571269	0.007391423199999999	0.0458744955	0.0147492572	0.027461934700000003
ecoli_dream5	ecoli_regulondb	tc1	0.0083813742	0.1029400785	0.0636411095	0.2721570787	0.030662921800000006	0.0979105619	0.0460831124	0.0142330687	0.0060111698	0.0748623889	0.0556261766	0.396524069	0.2092583004	0.1369144799	0.0011047765	0.0036917054	0.0031544101	0.0241287059	0.0045246997	0.0044002756	0.0046051757	0.0039056195	0.0005544372	0.0053578998	0.0042899468	0.0557739131	0.0232210668	0.0149509059
ecoli_dream5	ecoli_regulondb	tc2	0.0248438341	0.1204916701	0.0714613634	0.3846139119	0.046423377800000006	0.2642303103	0.0581186049	0.03388807	0.0196744463	0.0759521671	0.0675086747	0.5636604251	0.2931145818	0.0911884219	0.0025272012	0.0043988544	0.0029476808	0.0144003596	0.0048211932	0.0070750078000000015	0.0023026685	0.0047646656	0.0017557933	0.0035231248	0.0029188815	0.0423849613	0.017488706	0.0097675849
ecoli_dream5	ecoli_regulondb	tc3	0.0084400321	0.1032005125	0.0640442765	0.2710462726	0.029951018	0.0978595663	0.0476319376	0.0147437521	0.0060656275	0.0767936576	0.055291806500000006	0.4006681336	0.2080850069	0.1351652775	0.0017008329	0.0057225572	0.0041518256	0.037869814	0.0035339691	0.0034512019	0.0077981279	0.0057626822	0.0008294257000000001	0.0088639102	0.0042254016	0.1009723014	0.024000219	0.019443517
ecoli_dream5_operon	ecoli_regulondb_operon	ap1	0.007186570295908626	0.10810009762031964	0.07372853181967269	0.20438251620338693	0.02391448162448084	0.08545997070844352	0.04822462492118864	0.01434595760526439	0.004829878458136407	0.09177194028716336	0.061735186706323074	0.3815488501798025	0.14039733536952614	0.17300713849388222	0.0006985942001347168	0.005960325961307579	0.004942542817096947	0.01968419464024924	0.005154262348825218	0.0052467478107802	0.005367858617003543	0.0020051778871138944	0.0005812881449963617	0.00565871858021501	0.005119487913337469	0.0533304420523849	0.015519387691951743	0.024139925235856088
ecoli_dream5_operon	ecoli_regulondb_operon	ap2	0.0057526235290759455	0.06753896236976108	0.09206621947877262	0.055525444534011564	0.039014272764272766	0.013916017599039982	0.024664270024536857	0.0045602668715763964	0.008384653265605646	0.13689207397540729	0.07030654530654529	0.10652777777777778	0.04268556713396978	0.3566665020240111	0.0017261509427016586	0.02062215678734873	0.013292286258388556	0.024006259956887526	0.015463847481009275	0.00586577317258777	0.007447763900970794	0.0013693893948084805	0.003387724131233306	0.026648626902520157	0.010956790887826744	0.02296141614520541	0.02923552739996535	0.22109139856362567
ecoli_dream5_operon	ecoli_regulondb_operon	ap3	0.006364677656167329	0.10400750905669592	0.06963045464037915	0.2065777881320944	0.022486389751792187	0.09197818161329392	0.052810831553817585	0.012532095272951954	0.004284203349308413	0.08505056106773654	0.059095571239409984	0.3504025686247908	0.14756547694891048	0.17308821801356772	0.0006688634882970872	0.006599888853334149	0.004251420040683582	0.021680719697357638	0.00401527726694674	0.00467677887264097	0.004867125873298893	0.001509469538617948	0.0005166392875450349	0.006266459330023714	0.004308705823473875	0.036683579076064655	0.020770787337530315	0.01657014969146792
ecoli_dream5_operon	ecoli_regulondb_operon	mcl1	0.008876108309127235	0.1160593736073092	0.07608715563487962	0.24716701151844986	0.03882188763937858	0.0975276610650268	0.060420667002771634	0.013628275640919995	0.006734791560642308	0.08762619135179937	0.06754439932320162	0.362373389184574	0.1914116831998095	0.16266560891719326	0.0017086166173399624	0.008857200666269228	0.006257732830699583	0.03033970848046038	0.009490478831570306	0.005917604066483379	0.0066861574829823675	0.004823266915920815	0.0010291089987265083	0.006182564470669352	0.007568602618824233	0.09174282521576033	0.022620147122879183	0.03375116704580094
ecoli_dream5_operon	ecoli_regulondb_operon	mcl2	0.007806187997685855	0.11985051232258585	0.08744105025680135	0.1935778895273889	0.04024170591438623	0.074250410119149	0.05040750657304655	0.0100454854442733	0.006566302647914656	0.10409003394704652	0.07571709392575293	0.29063333427808163	0.1467416806599837	0.2328702321928097	0.001134364303921892	0.007625450070011576	0.0078115472259484954	0.021452397515703683	0.008842146401906741	0.005493585287312045	0.007318018184205847	0.0025255632600407786	0.0011110277018262604	0.009936795522168407	0.008129086828861638	0.06075244760592757	0.015532217171164781	0.041246924857236696
ecoli_dream5_operon	ecoli_regulondb_operon	mcl3	0.0087809131300635	0.11513238349053245	0.07712054913655683	0.23045227781551644	0.03902785346823438	0.09608725825501598	0.05968052869533898	0.013708113590815115	0.006667648067805594	0.09068963510493036	0.06745121965851138	0.36859589583788427	0.17081794692126442	0.16281154549562687	0.001431569967349924	0.008198230626722655	0.00730456963647055	0.02033121885641214	0.01186665696332223	0.008013576817091812	0.00781557595493481	0.004394013960086928	0.0011374528044857432	0.006330186433099747	0.00882431537070508	0.08336666594862299	0.016882093404013983	0.04758331837101342
ecoli_dream5_operon	ecoli_regulondb_operon	minimal	0.015516764331516109	0.13771432700601893	0.08845257184281595	0.3129956056712068	0.05007794375743998	0.21707407586107424	0.06004027899331708	0.025111976523057668	0.011343853188367392	0.09903162455933516	0.07997492826234658	0.452772155283176	0.2417562693603735	0.14031721757298626	0.0022538748917168227	0.006195940523007885	0.004734452653008574	0.02613343462407397	0.007389393847479112	0.006344071372702382	0.005978809611600407	0.006168558164793307	0.001360573872359523	0.005374455062428673	0.004821974272522811	0.08186683981747811	0.017770881090915628	0.011055571987545348
ecoli_dream5_operon	ecoli_regulondb_operon	strict	0.008563121552491199	0.12935972614428518	0.09801225608739657	0.19170019389134627	0.04934060223303914	0.07004510634312154	0.05532170845166627	0.009958660946064984	0.007823816117346562	0.11366459799750832	0.08642973562697681	0.2731160492053738	0.15106976690695414	0.2995749638542335	0.0015363115665901642	0.006479138180197767	0.004411989496359953	0.021028593958312147	0.007580529473560953	0.00598713259758514	0.00889495231329576	0.0028692798757792657	0.0013794013954059226	0.008925662529162907	0.004277105230557609	0.05172409490599002	0.022631402137805984	0.053008320516885615
ecoli_dream5_operon	ecoli_regulondb_operon	tc1	0.013769743067334243	0.12156925338699714	0.0769623707659646	0.29470452749894105	0.038393619994846716	0.11874214116732874	0.07174429534273873	0.019736569169296773	0.010671718978445464	0.0911760470978926	0.0668415042654931	0.413145302201824	0.2305460235711569	0.12716696249604806	0.002213880461221904	0.007887192170554124	0.007322792771387414	0.024652839728846042	0.006488688131942186	0.00693036882331649	0.007728765097931502	0.004276584028108339	0.001591386860693745	0.009653403320102043	0.007167944582044117	0.05507765660368152	0.020467176439891467	0.02094760971450709
ecoli_dream5_operon	ecoli_regulondb_operon	tc2	0.02542427603502534	0.14140236323986288	0.08762042401296123	0.3674396234273641	0.05294848388362848	0.2537923692308971	0.07873585805381599	0.04462788745667996	0.01786148912252226	0.09360382811985013	0.08249499240194323	0.6003132956007511	0.2653877925553734	0.0908970538668834	0.00271637409179267	0.006638937231022951	0.004824479941883678	0.0180596460485034	0.0047964934370512274	0.009262712672265106	0.003701462619383829	0.007314193264147379	0.001922190063049322	0.006921206891650931	0.004410454185589748	0.04910153098520437	0.015188474839494669	0.016612903018844657
ecoli_dream5_operon	ecoli_regulondb_operon	tc3	0.014143279435773322	0.12217686237180425	0.07822060770347156	0.2798916477807387	0.03725373647052685	0.11996154302513352	0.07126512192494333	0.02133758753386381	0.010758665817512557	0.09321075255524447	0.06785383643434907	0.42987135167569945	0.21165276782254255	0.1236225727140529	0.002515515605734349	0.00492911186349836	0.003149248183001645	0.02038439609230712	0.007940176620267466	0.0043282327133126386	0.009043912383938969	0.00681751797038681	0.0011796159860750321	0.0052857277346386325	0.00592869500200802	0.07365839068489151	0.02471016798233839	0.027864404081879048
synth_ecoli_regulondb	ecoli_regulondb	ap1	0.0037681077	0.0908091862	0.0616560269	0.1729161179	0.0228611719	0.0705339289	0.0249492703	0.007825145	0.0025045073	0.0734311418	0.0532042053	0.2946845433	0.1235106459	0.2198511477	0.0002592152	0.0036514523	0.0025179671	0.0127135573	0.00199447	0.0029855389	0.004061609	0.0015862296	0.0001827903	0.0039264027000000005	0.0024458028	0.0469169654	0.0114325114	0.0190315695
synth_ecoli_regulondb	ecoli_regulondb	ap2	0.0035657597	0.0775239296	0.069055092	0.0920695322	0.0198889219	0.0174801751	0.0189638929	0.0037212139	0.0036751178	0.1144390498	0.0502880218	0.1358621226	0.0740778717	0.3400331162	0.0011052336	0.0150475282	0.0128165113	0.0267675591	0.0085714601	0.0053078990000000005	0.0063020264	0.0012481918	0.0013767352	0.0272482505	0.0100247846	0.0263308658	0.0296821517	0.0962986704
synth_ecoli_regulondb	ecoli_regulondb	ap3	0.0039182736	0.0912339132	0.0623467275	0.1704486034	0.0250331321	0.0733743439	0.0275909667	0.0075141137	0.0026709714	0.0725390771	0.0547243233	0.2762614429	0.1239715382	0.2274075986	0.0004419908	0.0050026123	0.0033726561	0.0132385109	0.0041381337	0.0031529574	0.0046669196000000005	0.0010891745	0.0003669493	0.004627806	0.0031014946000000004	0.0390731255	0.0097803899	0.0195050501
synth_ecoli_regulondb	ecoli_regulondb	mcl1	0.0043288705	0.094002868	0.0592560677	0.2296981398	0.0303402467	0.08542626589999999	0.0293431409	0.0078059079000000016	0.0031039689	0.0686780189	0.0523290805	0.3299578066	0.1796205575	0.1836647158	0.0004711114	0.0047283388	0.0037645556	0.0195929023	0.0059942549	0.0041759146	0.0034135722	0.0024340358	0.00030988310000000003	0.0033514937	0.0051839163	0.0752664406	0.0079896251	0.0314223367
synth_ecoli_regulondb	ecoli_regulondb	mcl2	0.0035606432	0.0942956002	0.0624107409	0.1944526046	0.0293241249	0.0703486163	0.0260745202	0.0054990278	0.0027062622	0.0728773143	0.05465335	0.2751404643	0.1520185548	0.2307943578	0.0005681615	0.0070805582	0.0050692612	0.0196622406	0.0062255301	0.0043409124	0.0038883982	0.0015181919	0.0004468276	0.005459449399999999	0.0051542707	0.0515575046	0.0123108004	0.0328730802
synth_ecoli_regulondb	ecoli_regulondb	mcl3	0.0042678069	0.0929377114	0.0583344451	0.2299999527	0.0298669585	0.0858993642	0.0295471635	0.007200304499999998	0.0030601979	0.0667736657	0.0518625356	0.3171650293	0.1813110209	0.1899690805	0.0004591171	0.0060909822	0.0043708959	0.0173224113	0.0054629901000000005	0.0034573669	0.0022199926000000003	0.0012034962	0.00035935800000000005	0.004038116	0.0047988156	0.0395351133	0.0137041202	0.0212402028
synth_ecoli_regulondb	ecoli_regulondb	minimal	0.00934602225884285	0.1138996703462848	0.07058539060953378	0.2962829002099828	0.046466246900611595	0.18230733923248088	0.03278611869947576	0.016186407855905718	0.006599823551592374	0.07705904418572786	0.06515083431597386	0.4188776738611067	0.2306911651781216	0.14867522190241103	0.0009709292035221939	0.00524637517583812	0.003909256660352642	0.01741605539159201	0.004234557401771247	0.006627983649780595	0.0028168933352978754	0.0027399191937137646	0.0006087944392439887	0.0042129806406240936	0.003945503238397065	0.055262208306948106	0.012445621490357314	0.005681043090045216
synth_ecoli_regulondb	ecoli_regulondb	strict	0.0037537923	0.0991339766	0.069765463	0.17334048920000006	0.0278001146	0.0672448467	0.0319502838	0.0050344662	0.0030821417	0.0879105791	0.0579703307	0.2348084726	0.13948472550000002	0.298342748	0.0003352954	0.0056221651	0.0054499313	0.0163082229	0.0047375862	0.0059473782	0.0102275977	0.0009929917	0.0004639018	0.0046327467	0.0059796412	0.0495253152	0.0102409465	0.0407645909
synth_ecoli_regulondb	ecoli_regulondb	tc1	0.0063761064	0.0939872517	0.05735788660000001	0.2623234667	0.0267039569	0.0930039093	0.035719049100000004	0.0107539136	0.0045750298	0.0703064803	0.0486391305	0.3716843992	0.2041716471	0.1457239566	0.0010362	0.0050270954	0.0038865322	0.0174764866	0.0035755572	0.0039010726	0.0042735528	0.0028028131	0.0006482082	0.0062469598	0.0039800039	0.0492815906	0.014423284	0.0176204892
synth_ecoli_regulondb	ecoli_regulondb	tc2	0.018638893	0.1118092972	0.0663861034	0.35477230340000004	0.0455042563	0.2250116711	0.0420959916	0.0282730568	0.0140076355	0.0712460907	0.0622795062	0.5343344496	0.268021212	0.1042960009	0.0031200140000000004	0.0046044207	0.0030814564000000003	0.0129226512	0.005264019	0.007091113100000002	0.0016410938	0.0069582649	0.0018062449	0.0044955464	0.0032684185	0.0666792962	0.016077628	0.0184975996
synth_ecoli_regulondb	ecoli_regulondb	tc3	0.0063855758	0.0946652828	0.057752947	0.2644764674	0.0268198308	0.0921222675	0.0356704188	0.0110278147	0.0045723189	0.0706206088	0.0489938708	0.3790449771	0.2055380691	0.14782812050000002	0.0011375751	0.0057743935	0.0039559274	0.0230949389	0.0048659464000000005	0.0038587108	0.0058799415	0.0039894494	0.0005576957	0.0046481068	0.0043070211	0.0711390875	0.0156331743	0.021014852200000003
synth_yeast_macisaac	yeast_macisaac	ap1	0.0027846495000000003	0.0815053289	0.0528193738	0.1792868841	0.0215804563	0.0786093399	0.0281451657	0.00554648	0.0018768688	0.0614242639	0.0464102234	0.2618795839	0.1376900857	0.1943281795	0.00022003900000000005	0.004122693	0.0027981940000000004	0.0152813831	0.0022427588	0.0027149828	0.0033308132	0.0011894561	0.0001449526	0.004225993	0.0026103751	0.043380964	0.0142967512	0.0165712102
synth_yeast_macisaac	yeast_macisaac	ap2	0.0021850573	0.0736114791	0.0605211375	0.0994990342	0.0137428577	0.0208302535	0.0191961509	0.0023342677	0.0021183341	0.0953284994	0.0447516334	0.145135032	0.07901672	0.3185900832	0.0004360319	0.0122838053	0.0095460143	0.027042271	0.004473748499999999	0.0034055875	0.0044094386	0.0005018263	0.0005427113	0.0214753244	0.006065729200000001	0.0218550955	0.0282011867	0.054719503200000005
synth_yeast_macisaac	yeast_macisaac	ap3	0.0028041594	0.0787908752	0.0514075311	0.1688888819	0.0236587723	0.078880905	0.0324994992	0.0049672699	0.001961033	0.0579012948	0.0462436187	0.2358279719	0.1320420398	0.1922413407	0.0001901602	0.0027289779	0.0016258279	0.0103535129	0.0021845449	0.0022827704	0.0038439929	0.0005801865000000001	0.0001484786	0.0022878305	0.0014620646	0.0233449486	0.0086422353	0.0122371199
synth_yeast_macisaac	yeast_macisaac	mcl1	0.0036133137	0.0833300737	0.0510998096	0.2271312032	0.0320515338	0.0862320769	0.034019664	0.0056679912	0.0026882133	0.0566430289	0.0466575394	0.2938344008	0.1873952557	0.1684708828	0.000378393	0.0037527255	0.0027005515000000004	0.0172214719	0.0049336838	0.0041144989	0.0024453312	0.0013363578	0.0002498477	0.0021615129000000003	0.0036744411	0.0465766035	0.0170093924	0.0235895625
synth_yeast_macisaac	yeast_macisaac	mcl2	0.003533596	0.0890946232	0.0573428176	0.2021169676	0.0294955256	0.07531747650000001	0.0280992665	0.0051247458	0.0027723674	0.0667910959	0.0503285664	0.2606501203	0.16746304369999998	0.2065363489	0.0005689617	0.0046278457	0.0029902019	0.0245689603	0.0034888924	0.0028976148	0.0045810145	0.0015692446	0.00026903	0.0035901902	0.0033548173	0.0579471914	0.0131352126	0.0250117485
synth_yeast_macisaac	yeast_macisaac	mcl3	0.003698139	0.0854867073	0.0526366508	0.230732965	0.0322488963	0.08701949949999999	0.0332664622	0.0066234721	0.0026645405	0.0582340916	0.0480825453	0.3241101438	0.1839377174	0.1699739682	0.0004966558	0.0028551727	0.0024388001	0.0253531379	0.0046899944	0.0023427229	0.0029895905	0.0026038374	0.0001625041	0.0027400366	0.0028538697	0.0935205181	0.0083201783	0.0223316764
synth_yeast_macisaac	yeast_macisaac	minimal	0.007851331396363655	0.0924909108629395	0.05526339560797991	0.28460776493785406	0.044254495695707545	0.2003859703959235	0.04603599045232722	0.012238999610575433	0.005820112494348531	0.05617745488728846	0.05440652706333861	0.3843850626750676	0.2279966123650898	0.11686967517877804	0.000709323607859075	0.002992989574438651	0.002090590987202	0.01731170120497542	0.0024584129922527085	0.004560272996962939	0.003021617041086784	0.002257643253315879	0.0003290806007262226	0.002668968624653381	0.001862390156103326	0.056000911309968766	0.011296332698852366	0.006181381892858674
synth_yeast_macisaac	yeast_macisaac	strict	0.0041267314	0.0999162935	0.069702674	0.1778273428	0.0403057959	0.06297739200000001	0.0332130546	0.0041028876	0.0043599753	0.0803457475	0.0616570897	0.2032220072	0.16063357779999998	0.2808416359	0.0007488208	0.0055054419	0.004350141599999999	0.0188452302	0.005474914599999999	0.0036578385	0.0064050496	0.0016047017	0.0006369211	0.0047155262	0.004837898	0.046016443600000005	0.012996883	0.0250612326
synth_yeast_macisaac	yeast_macisaac	tc1	0.0056733173	0.0869511009	0.0520677177	0.2651369118	0.0310052058	0.0972956264	0.040698274	0.009821732	0.0040573748	0.0574194127	0.0476942583	0.3755493963	0.20726846350000006	0.1208099473	0.0009224445	0.0068878815	0.0044300949	0.0241995355	0.0053273064000000005	0.0029772936	0.003356865	0.0031969343	0.0004321994	0.0050606164000000006	0.0042981833	0.0662620152	0.0185238878	0.0149041932
synth_yeast_macisaac	yeast_macisaac	tc2	0.0113352791	0.0923614054	0.0536296962	0.3328485887	0.0422912709	0.2106884693	0.0511105487	0.0200235758	0.0079408815	0.0533880468	0.0539088372	0.5122196675	0.2477647752	0.0955578354	0.0013482307999999998	0.0028787789	0.0017017409	0.0144717586	0.0027771274	0.0045458711	0.0015085476	0.003975484699999999	0.0007145727	0.0024576103	0.0012899987	0.0562243903	0.0107703342	0.0108293604
synth_yeast_macisaac	yeast_macisaac	tc3	0.0053173537	0.0837797822	0.0501022629	0.2588876048	0.0292157704	0.0966071319	0.0430531579	0.008577114399999999	0.0039226124	0.0562833015	0.0452625025	0.3432285588	0.2105324743	0.1186093095	0.0007527455	0.0046736649	0.0034067771	0.0239836266	0.0044587328	0.0039924738	0.0055507602	0.0025283145	0.000353433	0.0040206951	0.0038164898	0.0689842709	0.0115399769	0.0124750915
synth_yeast_sisima	yeast_sisima	ap1	0.0053126249	0.0965050054	0.0630923592	0.2067045277	0.0250021281	0.094772932	0.0599240338	0.0107570974	0.0035642619	0.0742192882	0.0550471987	0.3313028979	0.151750576	0.1339907483	0.000504819	0.0051025882	0.0030751331	0.0233709017	0.0052271695	0.0051073227	0.0049345579	0.0020315811	0.0003714302	0.0045543921000000005	0.0037922955	0.0523984433	0.019624785	0.022697974300000003
synth_yeast_sisima	yeast_sisima	ap2	0.0076060495	0.0692403598	0.10044518	0.0563720189	0.0600583367	0.0154498844	0.0337642615	0.0058014524	0.0126990972	0.1198297844	0.0910440519	0.1226675485	0.0403558365	0.2921774381	0.005172297	0.0338842517	0.0305558686	0.034900384	0.0230222123	0.0098715148	0.0192776945	0.0045079908	0.006446070999999999	0.046806968600000005	0.024991499	0.0455915372	0.0304746498	0.2503539504
synth_yeast_sisima	yeast_sisima	ap3	0.0057574589	0.0988858248	0.0662122499	0.1985100436	0.0328105469	0.0971074958	0.0605621338	0.0100986244	0.0042445821	0.0738895185	0.0601765638	0.3072376747	0.1507519347	0.1698041634	0.0005807415	0.005843086700000001	0.005464866600000001	0.0235573391	0.0115139693	0.008366763499999999	0.0094823607	0.0026246842	0.0009700791	0.0050254856	0.0066409436	0.077745167	0.0207799654	0.0589938459
synth_yeast_sisima	yeast_sisima	mcl1	0.0060080206	0.1033125002	0.0657490804	0.2438830995	0.0302918485	0.1043540571	0.0530197967	0.0101371507	0.0044299117	0.07745184179999999	0.057299351	0.3356089367	0.1959745191	0.15838272650000002	0.0009711502	0.0081033288	0.0056947872	0.0274208613	0.0081561242	0.0075940555	0.0040755759	0.003797	0.0007360565	0.0057885909	0.0062352795	0.0858287665	0.0207247281	0.0362350753
synth_yeast_sisima	yeast_sisima	mcl2	0.0049522558	0.1021922625	0.0682020906	0.205049649	0.0307143065	0.0923454194	0.0497463115	0.0067428712	0.0040393864	0.079911898	0.059665197	0.2547432176	0.1754858466	0.1879541858	0.0008413842999999999	0.0062759522	0.0041490864	0.0215305673	0.0065831548	0.0058323874	0.0035884046	0.002072348	0.0006381604000000001	0.0056403825	0.0047036514	0.053992906500000014	0.0184421841	0.0351824987
synth_yeast_sisima	yeast_sisima	mcl3	0.006196580699999999	0.104347775	0.06595083389999999	0.2520652481	0.0292012011	0.1054612928	0.0512734825	0.0112202506	0.0043897703	0.0780146832	0.0573838172	0.3538652494	0.200842708	0.1572429154	0.0009850022	0.0071558857	0.0048720205	0.026231044900000004	0.0054692345	0.0066509607	0.0042662423	0.0037726746	0.0005512561	0.0072685199	0.0050435195	0.0795154594	0.0233236541	0.0273821442
synth_yeast_sisima	yeast_sisima	minimal	0.0116722402	0.1184949836	0.0738862325	0.3005787218	0.0527535641	0.1948542113	0.0691351139	0.020662215	0.0081818828	0.079569343	0.06909174309999999	0.42225112	0.235019965	0.1218977045	0.0014680459	0.0044187826	0.0032033237	0.020406759	0.006804787	0.0084614787	0.0050176946	0.0037112863	0.0009882574	0.0035564131	0.0042573728	0.0574250849	0.015770573	0.0136992814
synth_yeast_sisima	yeast_sisima	strict	0.0056110672	0.112549703	0.0779426101	0.2041214445	0.0324758699	0.0864907238	0.0557853412	0.0068802622	0.0048647564	0.0968422189	0.065549026	0.255804467	0.1735858591	0.2348808002	0.0010720899	0.0075675149	0.0050736987	0.0246685527	0.0060758176	0.005803138	0.0113248402	0.0021162564	0.0007431508	0.0081210159	0.0056949352	0.0579743322	0.020297605	0.0312563155
synth_yeast_sisima	yeast_sisima	tc1	0.0092977292	0.1101269215	0.0677543967	0.2955108139	0.0332877256	0.1221234746	0.0643895972	0.015161963999999997	0.0067747752	0.0787886939	0.05968528	0.4121608429	0.2327054313	0.1255550127	0.0015302888	0.0064353912	0.0037633164	0.0302350635	0.0048005477	0.0081354123	0.0056662733	0.0042522638	0.0008524769	0.004844495999999999	0.0048601667	0.06931808	0.0254312462	0.0177137154
synth_yeast_sisima	yeast_sisima	tc2	0.0174532693	0.1222945762	0.0736070033	0.3641383004	0.0475446069	0.2375342869	0.0787036309	0.0343892457	0.011737576299999998	0.0765231226	0.0709802613	0.6064215267999999	0.2611602336	0.0824313042	0.002409936	0.0023644583	0.0019189567	0.031217676	0.0060554935	0.0052372552	0.0022334521	0.006725760600000001	0.0014618917	0.0032014807000000003	0.002064433	0.057303292	0.0266133162	0.0125913576
synth_yeast_sisima	yeast_sisima	tc3	0.0094887812	0.1115918837	0.0700710581	0.2757097591	0.0338294048	0.12710642449999998	0.0651926629	0.0142896476	0.007147854499999998	0.08326890440000001	0.060698688	0.3804136529	0.21885087670000006	0.1268124475	0.0010861319	0.0061336999	0.004678407	0.0192259956	0.006029435400000001	0.0046485641	0.0045644678	0.002699555	0.0006755246	0.0073368042000000015	0.0045838074	0.0364893979	0.027538039500000003	0.021275223500000003
yeast_dream5	yeast_macisaac	ap1	0.0031722670000000003	0.08305319230000001	0.0536002896	0.1859824691	0.0212146061	0.0802683639	0.0359000117	0.0064805792	0.0021150004000000003	0.0626377932	0.0469344695	0.281581442	0.1397080117	0.1688381316	0.0002774401	0.0038892631	0.0023786113	0.0210700829	0.0032536498	0.0044850534	0.0042305523	0.0010372055	0.0002069615	0.0023951981	0.0031326554	0.0386857513	0.0178302493	0.0185693598
yeast_dream5	yeast_macisaac	ap2	0.0025716054	0.0809830617	0.0702319713	0.0989494598	0.0196119037	0.0296613693	0.0289250758	0.0023384765	0.0029350321	0.1012658811	0.0545550468	0.1317686718	0.0835854237	0.3373236072	0.0005222172	0.0101403199	0.0079896384	0.0233845044	0.0058793966000000005	0.0059214809	0.0063927907	0.0004364346	0.0008242817999999999	0.0172215745	0.0075435547	0.0119258423	0.0323175857	0.0715513487
yeast_dream5	yeast_macisaac	ap3	0.0034870586	0.083468037	0.0540668641	0.1841792657	0.0271620595	0.084045669	0.0414387466	0.006270754	0.0024395992000000003	0.0597228491	0.0494098258	0.2632402059	0.1428340367	0.1716338368	0.0002601094	0.0041212529	0.0029187361	0.0155655078	0.0039116547	0.0033716786	0.0054313394	0.0009341599	0.0002443205	0.003360487	0.0027741058	0.0406388695	0.0131027848	0.0146148112
yeast_dream5	yeast_macisaac	mcl1	0.0039169918	0.0878967274	0.0542271888	0.2354576794	0.027379375	0.08331565469999999	0.0358528609	0.008570318	0.0026190424	0.06259108070000001	0.0479877381	0.3721276526	0.1750619639	0.1569911111	0.0004658532	0.0047939009	0.0036279903	0.0252027645	0.0065376063	0.0046445791	0.0035929561	0.0024667941	0.0003402546	0.0039227837	0.0043541847	0.0823183726	0.014870033700000004	0.0303656525
yeast_dream5	yeast_macisaac	mcl2	0.0040076755	0.0953950211	0.0644126742	0.1852658155	0.0347547601	0.06973268769999999	0.032985028	0.0053239497	0.0032799364	0.0741974095	0.0570701254	0.2518992321	0.147754346	0.22195231	0.000405136	0.0045589139	0.0031436373	0.0195000991	0.0046462255	0.0047096539	0.0048025512	0.0012309725	0.00033722980000000004	0.0039504084	0.0041362871	0.0453904667	0.0139739077	0.0258797788
yeast_dream5	yeast_macisaac	mcl3	0.0037951488	0.0899477153	0.05665812820000001	0.22113227010000006	0.0305071576	0.08694869720000001	0.0382884587	0.0068815118	0.0027019505	0.0638533951	0.0510098259	0.3170384585	0.17281313129999998	0.1770774585	0.0003738369	0.0033462276	0.0026637669	0.0251908962	0.0051817738	0.0033158855	0.0049634653	0.001971065	0.0002681083	0.0029310458	0.0033014108	0.0754733311	0.012965166	0.020681044
yeast_dream5	yeast_macisaac	minimal	0.007990733588952014	0.1002693137674755	0.06122893550291512	0.2784443285361451	0.04435600311228795	0.21241660971514373	0.05191790218349645	0.01243133468404166	0.00595179141008086	0.06330843989308224	0.0592958098006963	0.3779870745348614	0.22200928083985094	0.1231450976870581	0.0006797465231420705	0.0022636497951708133	0.0014057529308255192	0.024449744742527084	0.0031120431211267923	0.004295514537566469	0.003347941728303899	0.0024886508891328323	0.0003204214719099739	0.0017664876095523651	0.001381910352884734	0.06054700174056573	0.015122235571469935	0.007119280075584393
yeast_dream5	yeast_macisaac	strict	0.0054565303	0.1060491873	0.07712389530000001	0.1715338502	0.0434958892	0.0544799855	0.034390122999999995	0.0060647437	0.0051825834	0.08847027390000001	0.0685268505	0.2326273129	0.1385415642	0.2765747087	0.0010173561	0.0067140939	0.006075812900000001	0.0180797919	0.0071023172	0.0045881226	0.006498365799999999	0.002075326	0.0007089797999999999	0.0081679981	0.0057589012	0.0521726666	0.0140762115	0.0358088661
yeast_dream5	yeast_macisaac	tc1	0.005705609499999999	0.0920076924	0.056306861	0.2550186145	0.0316521731	0.0927505895	0.0480976892	0.0109242496	0.003959900000000001	0.062383512	0.0514932142	0.3857525662	0.1935136688	0.1241196967	0.0005241534	0.0052453187	0.0040956044	0.0237618737	0.006025781700000001	0.0025390672	0.0048882172	0.0032039036	0.0002377074	0.0052881574	0.004500404600000001	0.07710706219999999	0.017814672	0.0184941713
yeast_dream5	yeast_macisaac	tc2	0.0127621007	0.1010698375	0.05963990440000001	0.331814848	0.0384267435	0.2273250671	0.057291594	0.0212917312	0.0091414438	0.0621165475	0.0574136666	0.534879724	0.2409600085	0.08651169140000001	0.001206247	0.0028413452000000004	0.0020298311	0.0123278079	0.0050877871	0.0046610243	0.0011727601	0.0027473171	0.0008792639999999999	0.0019327924	0.0028287026	0.036312789	0.0103794257	0.0140933943
yeast_dream5	yeast_macisaac	tc3	0.0059498274	0.0920867547	0.0560247272	0.2605740275	0.0309916284	0.0940359789	0.0467740336	0.0114739269	0.0041092564000000005	0.0629694395	0.0506261643	0.3954897238	0.1971312898	0.1215527018	0.0007629747	0.0056788471	0.0036268791	0.0256546597	0.004997148	0.0037273807	0.0036604585	0.0037316805	0.0003814334	0.004037146	0.0043576227	0.0827431763	0.0159867902	0.0168510566
yeast_dream5	yeast_sisima	ap1	0.0067676438	0.1052831357	0.07042855370000001	0.2110728024	0.0300985519	0.1012087295	0.0695089387	0.0133086858	0.0046519916	0.08100733610000001	0.0625205479	0.3591533929	0.15245665949999998	0.12613170710000002	0.0006602188999999999	0.0080056846	0.0067047707	0.0219441588	0.0069847576000000005	0.0079991005	0.006878377	0.0035989533000000008	0.0006093903	0.0088495525	0.0065128437	0.1005091798	0.0140612021	0.021748369500000003
yeast_dream5	yeast_sisima	ap2	0.0069172174	0.0911203962	0.1042159605	0.0836639737	0.0548526637	0.0249339499	0.0386034809	0.0053055887	0.0107225856	0.1290942407	0.0889641032	0.1263874192	0.0671513294	0.469235965	0.0038823851	0.015121797	0.0217186775	0.017225138	0.0148617583	0.0064030292	0.0162230488	0.0034593887	0.0043862127	0.0337672501	0.0165005012	0.0301333302	0.0235343282	0.1648797803
yeast_dream5	yeast_sisima	ap3	0.0067136799	0.1058896331	0.0706155493	0.2136263523	0.0311021586	0.1081985065	0.0682799437	0.0123323221	0.0046569876	0.08028812889999999	0.0632100925	0.3367784296	0.15757473789999998	0.14152033279999998	0.0007205695	0.0062340249	0.0049823607	0.0205494241	0.006898792900000001	0.0068785629	0.0067890763	0.0016731253	0.0006260877999999999	0.0065869441	0.0052646534	0.0479292604	0.0167723872	0.0254277927
yeast_dream5	yeast_sisima	mcl1	0.006628325500000001	0.1067140245	0.0682512687	0.2491542045	0.0281145394	0.0972460349	0.0599510455	0.0129418541	0.0045922858	0.0813674024	0.05911469	0.3836051868	0.1882842345	0.1335823408	0.0008230828	0.0089113434	0.0067659114000000005	0.0318051637	0.0094580619	0.0063458079	0.0047651816	0.0037490261	0.0007555003	0.0080252314	0.0074379488	0.0921759459	0.02544061	0.0343623326
yeast_dream5	yeast_sisima	mcl2	0.0066658063	0.1124392348	0.0787291931	0.19851202760000006	0.0384687687	0.0925961977	0.0628474101	0.0089498093	0.0056088573	0.0907860319	0.0697542727	0.267712596	0.1645775171	0.1979743841	0.0009806933	0.0055290176	0.005440440699999999	0.0158169107	0.0106533174	0.0072240095	0.006507376600000001	0.0031857451000000003	0.0008538505	0.005055078	0.0068249009	0.0742262854	0.0194796773	0.042560132
yeast_dream5	yeast_sisima	mcl3	0.0062871849	0.1081366824	0.07215720639999999	0.2185752262	0.0353675571	0.1042409607	0.0647200601	0.0094639843	0.0048429936	0.0819553811	0.0647064093	0.29512116260000004	0.1761692811	0.1719364546	0.0012594711	0.006932761999999999	0.0045173095	0.0300194974	0.006980113299999999	0.0060887277	0.0070755564	0.0039623945	0.0007364713	0.0067172977	0.0051351676	0.0804128306	0.016529281	0.0258103567
yeast_dream5	yeast_sisima	minimal	0.01245920867764007	0.12326134339483971	0.07743036428368903	0.30460030083026435	0.05546176083324263	0.20135761602926452	0.0789417557951205	0.02237348926264312	0.008715527924592039	0.08112846104442913	0.07416880392087953	0.42973284210893187	0.23942078770525463	0.11953866415651189	0.001480227045067253	0.004080115299601808	0.0032478431785669475	0.026458856248124527	0.006465302596703671	0.005473131215135161	0.00611959637084832	0.005304512315308511	0.0007711008001854493	0.004562825446612709	0.0033816373010371755	0.0876466133165957	0.015213085356563606	0.011445359666308573
yeast_dream5	yeast_sisima	strict	0.00622068	0.1148879661	0.0821994056	0.1917718465	0.0365679121	0.0811326667	0.0581568973	0.0074971793	0.005507181999999999	0.0970091194	0.07152060910000001	0.2499478424	0.1598457733	0.2442439145	0.0011379258	0.0097277538	0.008193295699999999	0.0149894975	0.0087057576	0.0087842524	0.0070689913	0.002087862	0.0009882567	0.0097851507	0.008130947900000001	0.044120914	0.0209287363	0.0504143768
yeast_dream5	yeast_sisima	tc1	0.0109610241	0.1192680871	0.074881738	0.2980220472	0.0354529757	0.1231717315	0.0747232361	0.0178799353	0.0079794534	0.0886528043	0.06526543950000001	0.4150830576	0.233940466	0.1194058577	0.0019621987	0.005832349200000001	0.004818232899999999	0.0384331317	0.0067414524	0.005747520799999999	0.006994488399999999	0.0053219831	0.001110442	0.0095511005	0.005095653	0.0574263547	0.034476576200000005	0.0202045567
yeast_dream5	yeast_sisima	tc2	0.022996641600000003	0.1324713714	0.0803496601	0.3779213211	0.045682081	0.2677457804	0.0915151238	0.0414531484	0.0159624175	0.087145186	0.0746996936	0.6236360173	0.2725498154	0.0684226321	0.00269675	0.005173478400000001	0.0033376388	0.020853946	0.0073389647	0.0100897958	0.0029176742	0.0058055743000000005	0.0019232367	0.0050579648	0.0036439787	0.0601048512	0.0204191113	0.0123218114
yeast_dream5	yeast_sisima	tc3	0.0106915397	0.1166331934	0.0740982113	0.276073991	0.032008882	0.1243222519	0.0793179771	0.017894984	0.0077894485	0.0884997316	0.06403492969999999	0.4055710018	0.2135304725	0.1097740517	0.0013855547	0.0065059799	0.0051285501	0.022120134500000003	0.0065773413	0.0067952304	0.0090976086	0.0059496396	0.0008682375	0.007800799699999999	0.0053829586	0.092008686	0.0194635714	0.0224103244
yeast_gpl2529	yeast_macisaac	ap1	0.0033715307	0.0851803625	0.0551726457	0.1884125914	0.0227321788	0.0822643968	0.0362679104	0.0071029438	0.002254767	0.0649474413	0.0480422298	0.2931435247	0.1401754705	0.1687622548	0.0002762846	0.0041210454	0.002470433	0.0214170498	0.0033779866	0.0033582501	0.005764929300000001	0.0017850531	0.0002266373	0.0037760037	0.0025971981	0.0604172954	0.0136545262	0.020469157
yeast_gpl2529	yeast_macisaac	ap2	0.0021588379	0.0696687313	0.0599714172	0.0909547358	0.0162176066	0.0221904141	0.0205046764	0.0020637838	0.0024386844	0.093031105	0.0449728169	0.1208496775	0.08137126160000001	0.2703095425	0.0006019227	0.011979204	0.0083269816	0.0361034314	0.0079088853	0.0057409352	0.0063396431	0.0006619791000000001	0.0008211843	0.0135064399	0.0088830325	0.0261003384	0.0477009947	0.1254268894
yeast_gpl2529	yeast_macisaac	ap3	0.0035471026	0.08472720869999999	0.0555368071	0.1795156132	0.0264079121	0.08544956460000001	0.0414073383	0.0066351149	0.0024408218	0.06196289	0.0503690467	0.2588418125	0.1382621966	0.1777169876	0.0003979783	0.004107448	0.0028775046	0.0144295202	0.0036387257	0.00479262	0.0052220399	0.0012669455	0.0002856027	0.0027828746	0.0032810469	0.0375496363	0.0106965431	0.021829714500000003
yeast_gpl2529	yeast_macisaac	mcl1	0.0039099906	0.0890329684	0.055497648	0.2276376465	0.0292829621	0.08416529730000001	0.0396721839	0.0077181939	0.0026830421	0.0631245203	0.0497128703	0.3412958437	0.1734671075	0.1584534967	0.0004078692	0.0046639301	0.0031685334000000004	0.0257694979	0.0055434433	0.0042692868	0.0030918155	0.0024775644	0.0002369157	0.0037668373	0.00421762	0.0770001604	0.0183186584	0.0275279535
yeast_gpl2529	yeast_macisaac	mcl2	0.0039828971000000005	0.0946138034	0.0638939982	0.1844075418	0.0344276072	0.0702141452	0.0351731054	0.0052346148	0.003301513	0.07235792769999999	0.0573698083	0.2404207774	0.1518746924	0.2207506547	0.0004736835	0.0045739174	0.0043468884	0.0175497666	0.0075392262	0.004128745	0.003492435	0.0012873583	0.0005085147	0.004201653499999999	0.005398028000000001	0.0522489802	0.014140263	0.0338199099
yeast_gpl2529	yeast_macisaac	mcl3	0.003979558	0.0905708213	0.05710465820000001	0.2201013538	0.0334838325	0.08673895949999999	0.0391427891	0.0068303613	0.0028597196000000004	0.0625530439	0.0525893568	0.3119711112	0.1718608748	0.17625889809999998	0.0004214864	0.0036974754	0.0028475251	0.0151374986	0.0053572589	0.0032963925	0.0028809240000000004	0.0015162591	0.0003291921	0.0032484215	0.0031131493	0.0493937413	0.0124636819	0.0195970291
yeast_gpl2529	yeast_macisaac	minimal	0.008884118226392365	0.10299519871474828	0.06249249331402404	0.29340958747150947	0.0428491282492383	0.22018637009145706	0.051286396991540494	0.01505999984733254	0.006326487763846866	0.06541560981936216	0.059855512425326454	0.4234785088492808	0.2258169546797052	0.11794159599884084	0.0007931754039204129	0.003772404122587145	0.0026034572783342007	0.013192676880684932	0.003764641044875824	0.005353044862832219	0.0029119425388522656	0.0024760246098744295	0.0004444315246734325	0.003200651191764287	0.0025603870551803537	0.05437103383189303	0.006964466886756529	0.011766261639641572
yeast_gpl2529	yeast_macisaac	strict	0.0059287574	0.1115827574	0.0817220842	0.1774896908	0.0470192388	0.0565861514	0.0340292673	0.0063298916	0.0058043276	0.0957764202	0.071607953	0.2344534991	0.1448509361	0.28658089940000003	0.0005567694000000001	0.0065417057	0.0067154597	0.0136119901	0.009154955	0.0052360232	0.0074432419	0.0012523354	0.0009181557	0.0081242744	0.0077229766	0.041556172	0.011487187	0.0418315303
yeast_gpl2529	yeast_macisaac	tc1	0.0058697441	0.094448774	0.0578086253	0.2609706756	0.0321980586	0.0942248577	0.0482525778	0.0107223594	0.0040944119	0.0634886836	0.0532180874	0.3802070957	0.2014202148	0.1225827176	0.0006668005999999999	0.0060915717	0.0045616761	0.0219535784	0.0058718582	0.0028148991	0.004069042100000001	0.0027993853000000003	0.00030980360000000003	0.0049947527000000005	0.0051397915	0.0620608012	0.0210840506	0.0184815536
yeast_gpl2529	yeast_macisaac	tc2	0.016208548200000002	0.1030372593	0.0602870662	0.35557999630000003	0.0416396615	0.2385788317	0.0593565535	0.0250390648	0.0120613291	0.0621617676	0.0586004396	0.5474065124	0.2640174686	0.0924922372	0.001557862	0.0030762035	0.0020439945	0.0220975385	0.0033320893	0.0036368672	0.0014562942000000002	0.0047090855	0.0008518464999999999	0.0032622485	0.0019793913	0.0560123744	0.0158210594	0.0144719309
yeast_gpl2529	yeast_macisaac	tc3	0.0059706933	0.0930433186	0.0566533713	0.2623443099	0.0333781941	0.0935189363	0.0481876891	0.010669537	0.00419096	0.06237202190000001	0.0520233791	0.3885081244	0.1995181364	0.1264962118	0.0007729368	0.0067646418	0.0044339319	0.026482316800000003	0.005309053100000001	0.0041406193	0.004081322	0.0024446163000000003	0.0004906386	0.005755034399999999	0.0043024006	0.0646481454	0.0186033283	0.0135053847
yeast_gpl2529	yeast_sisima	ap1	0.006858114	0.1068698225	0.0708844928	0.2188010286	0.0288125727	0.1066574966	0.0676106047	0.0134363425	0.004654225200000001	0.0827969772	0.06206122450000001	0.3638049076	0.1575879402	0.1343244874	0.0008850660000000002	0.0077406955	0.0053812353	0.0236272959	0.0061719351	0.0074373381	0.007321435	0.0028682874	0.0006556172	0.0068259139	0.0050581176	0.0591821862	0.0183404779	0.023359738
yeast_gpl2529	yeast_sisima	ap2	0.0089216977	0.0819676625	0.1095363992	0.06813096589999999	0.055616818	0.0217714957	0.0439029312	0.007028860600000001	0.0129673298	0.1207322816	0.105985894	0.16555555560000002	0.0440625274	0.2766327195	0.0031948726000000003	0.023814502400000003	0.0272138707	0.0249820469	0.0162805034	0.006494930899999999	0.0136743469	0.0028059076	0.0049005063	0.0467615281	0.0184802466	0.0368559154	0.0180940658	0.1979863318
yeast_gpl2529	yeast_sisima	ap3	0.006853959200000001	0.1068657981	0.07122216599999999	0.2156293925	0.0329401348	0.1087367567	0.0693888912	0.0123409055	0.0048678873	0.079955805	0.0643232539	0.3299791206	0.1636113082	0.1455637284	0.0007006855999999999	0.006658009300000001	0.005245314599999999	0.0194411693	0.0092526567	0.0074593234	0.0062680992	0.0021761442	0.0008052674000000001	0.005638795899999999	0.0056987634	0.0554681469	0.0233238555	0.02978921
yeast_gpl2529	yeast_sisima	mcl1	0.0059305299	0.1067032717	0.06977103059999999	0.2299666267	0.0288747466	0.0990895731	0.0603654825	0.0104532826	0.0042621743	0.0811105816	0.0613651191	0.3306095652	0.1801025889	0.1609342004	0.0005140904000000001	0.0058118906	0.005035329	0.0241443478	0.006000422900000001	0.0066922835	0.0070833508999999985	0.0029603618	0.0004576685	0.005275035799999999	0.005639229399999999	0.0709235075	0.0220008788	0.0344053753
yeast_gpl2529	yeast_sisima	mcl2	0.005395753299999999	0.1062901027	0.0746092307	0.1853470416	0.0294297194	0.0837254115	0.0606904133	0.0078388907	0.004213349	0.08728935	0.0653567276	0.2682237993	0.14510721640000002	0.1788654816	0.0007948121	0.0103311414	0.007497302	0.0201788586	0.008403679399999999	0.0080928423	0.006102044599999999	0.0020474127	0.0006979591	0.008532405600000001	0.0077442981999999985	0.0414355355	0.0257845772	0.0418537881
yeast_gpl2529	yeast_sisima	mcl3	0.0062767278	0.1073849477	0.07000897730000001	0.2331594415	0.0283768911	0.0988305642	0.0570326754	0.0118898967	0.0043855228000000005	0.0836422383	0.0604088544	0.3608865113000001	0.1766042703	0.1506898927	0.0011588336	0.0091188118	0.0067852813	0.0252649807	0.009485763	0.009190661	0.0034949021000000003	0.0037058492	0.0008976072	0.007354163100000002	0.007361293100000002	0.0864352742	0.0231187276	0.036510737
yeast_gpl2529	yeast_sisima	minimal	0.011720251711047252	0.12418448599134561	0.07893461283783025	0.2938277127893502	0.05363990597575084	0.1979309583791596	0.07763736549128475	0.021185513953160557	0.00817066283416675	0.08393373556660413	0.07458023799357831	0.42524247013123573	0.2272808807637706	0.11828696910481008	0.0012807340583595984	0.005859587038893914	0.004984123954238824	0.02276121051985685	0.008219472771194206	0.009194835754522764	0.006171336041048174	0.0045006720813701466	0.0007508865022134016	0.004801062475731248	0.005649685591525112	0.07970791120247683	0.013884194776433234	0.013263715420157402
yeast_gpl2529	yeast_sisima	strict	0.006246535	0.1153758994	0.08410312869999999	0.1850358218	0.0354175959	0.0805139316	0.0583995562	0.0077392886	0.0053282596	0.1008453335	0.0722878513	0.2520096672	0.1491617774	0.2572572857	0.0009209585	0.0105591542	0.008843883299999999	0.0188432827	0.008179012900000001	0.0069123601	0.0079693054	0.0014401106	0.0009706805	0.0116536201	0.0077595022999999985	0.0359334434	0.0242129765	0.0403407812
yeast_gpl2529	yeast_sisima	tc1	0.0108276995	0.119735938	0.07559152429999999	0.2938931734	0.0347912496	0.1218105746	0.0734400039	0.0195540231	0.007590119399999999	0.08726623060000001	0.0668531504	0.4469222528	0.2213466641	0.1238498243	0.0010434907	0.0086334284	0.007541086800000002	0.0300804528	0.0071219069	0.0073920575	0.0051725411	0.0043522617	0.0006242473000000001	0.0087928306	0.0074912491000000015	0.0674937719	0.0254416164	0.0227892911
yeast_gpl2529	yeast_sisima	tc2	0.0198006556	0.12943017	0.0791076491	0.3573994271	0.0492546213	0.2485778809	0.0909553915	0.0377911857	0.013499113	0.0823349335	0.076304219	0.6148848337	0.2528281576	0.07928949240000001	0.0023083362	0.0052448659	0.0036287617	0.0243451977	0.0063702299	0.0073634413	0.0021613056	0.007121263100000001	0.0013622659	0.0060463648	0.0030182790000000004	0.0538570276	0.021447963	0.015113386
yeast_gpl2529	yeast_sisima	tc3	0.010739253600000002	0.1191749416	0.0760346912	0.2771467348	0.0354199554	0.12026717039999997	0.0737838877	0.018634601	0.007619239200000002	0.089640085	0.06633377389999999	0.4287723373	0.2079308599	0.1188222883	0.0016302754999999998	0.0098250397	0.0065583376	0.0282068314	0.0076963393	0.0088599662	0.0061121553	0.0040770231	0.0011518196	0.0091111951	0.0067262005000000005	0.0672987501	0.0271260923	0.0212600785
