dataset	regnet	knownmodules	F1rp	F1rp_std	F1rprr	F1rprr_std	F1rr	F1rr_std	F1ss	F1ss_std	consensus	consensus_std	fmeasure_flowcap	fmeasure_flowcap_std	fmeasure_wiwie	fmeasure_wiwie_std	precision	precision_std	recall	recall_std	recovery	recovery_std	relevance	relevance_std	sensitivity	sensitivity_std	specificity	specificity_std	vmeasure_wiwie	vmeasure_wiwie_std
ecoli_colombos	ecoli_regulondb	ap1	0.0074942652	0.0003265412	0.1057500768	0.0027915567	0.0774240812	0.002077832	0.1668592847	0.0059014401000000005	0.07189197809999999	0.0019875008	0.1353484186	0.0039446779	0.1033608907	0.0043952211	0.007499100999999999	0.0003281643	0.0074906912	0.0003392734	0.0773879247	0.0021239744	0.0774686817	0.0021874302	0.1669748663	0.0073384875	0.1670177168	0.00786209	0.36682989409999994	0.0037858201
ecoli_colombos	ecoli_regulondb	ap2	0.023499896200000002	0.0026963234999999998	0.1701011434	0.011145006599999998	0.131635646	0.0089504001	0.2404167195	0.0153466711	0.123234665	0.0084647419	0.22918549510000003	0.0135346967	0.20877140670000002	0.015278640100000001	0.023457587599999996	0.0027085521999999996	0.023554104	0.0027393377000000003	0.1318739347	0.009099448000000001	0.1314504675	0.009190563399999999	0.2400322185	0.0169487587	0.24126059879999998	0.0171060563	0.39496117950000004	0.0109783022
ecoli_colombos	ecoli_regulondb	ap3	0.007762985799999999	0.0003601141	0.10825471910000001	0.0030102990999999997	0.07904455349999999	0.0023966513	0.1718112308	0.0056140945	0.07330051309999999	0.0022994591	0.1358288822	0.0040866901	0.10113463550000001	0.0049250894	0.0077682707	0.00036161980000000004	0.0077587548999999995	0.00037012730000000004	0.0790867844	0.0025138521	0.0790123617	0.0024437382999999997	0.1723300559	0.006908976099999999	0.1715017735	0.007167961	0.36968111509999996	0.0039222342
ecoli_colombos	ecoli_regulondb	mcl1	0.0061226617	0.00031574509999999996	0.0993528598	0.0032556113	0.0669363791	0.0025873067	0.1928616245	0.005923299599999999	0.062036171200000004	0.0023407504999999997	0.1231445487	0.0042232268	0.0753560867	0.0043651691999999995	0.0061171187	0.0003109677	0.006130079599999999	0.0003383274	0.0670636148	0.0031105304	0.0668277144	0.0022242316	0.1924137169	0.009177098	0.1936420445	0.0071841776	0.22190343829999998	0.005329647900000001
ecoli_colombos	ecoli_regulondb	mcl2	0.0077685607	0.00047667339999999997	0.11030150890000001	0.0040536006	0.0779782333	0.0032384752000000003	0.1886224991	0.007696926	0.072474535	0.0029848043	0.1380823941	0.0054143604	0.09160350839999999	0.0056394403000000004	0.0077722178	0.00048629870000000005	0.007767026	0.000484331	0.0780002647	0.0032458095000000003	0.0779681185	0.0033715384999999996	0.189420709	0.009707722299999999	0.1882446596	0.0101593789	0.2843073379	0.0055288412
ecoli_colombos	ecoli_regulondb	mcl3	0.0061586244	0.0003507137	0.0998096028	0.0034255634999999997	0.0673976055	0.0028450715000000004	0.1926176446	0.0067545662	0.0621702524	0.0027422707	0.12345929	0.0049452685	0.0751809867	0.0043201836	0.0061542794	0.00036101480000000005	0.0061653123	0.00036083339999999994	0.0674984656	0.0029165358000000003	0.06731163150000001	0.0029434195000000002	0.19239784219999997	0.0091074909	0.1932144333	0.0089652669	0.22165229239999998	0.0053089936
ecoli_colombos	ecoli_regulondb	minimal	0.009039553399999999	0.000493314	0.11671313230000001	0.0032787232	0.0764887002	0.0026119994	0.246425785	0.0061696174	0.06888852919999999	0.0021038339999999997	0.25126702219999997	0.007857771500000001	0.0717521087	0.003417528	0.0090424885	0.0005019369	0.0090437955	0.0005476602999999999	0.076529141	0.0028002021999999995	0.07646379	0.0026489169	0.24597719170000001	0.009477320400000001	0.24729418739999998	0.0095393489	0.1754730849	0.0046599277
ecoli_colombos	ecoli_regulondb	strict	0.0116649442	0.0006398656	0.1278874572	0.0042767479	0.09469655099999999	0.0031234577000000003	0.1970231756	0.008369089	0.08881682070000001	0.0029213028999999996	0.1619172526	0.0051757165	0.13458778359999998	0.0055253792000000005	0.0116431621	0.0006565878	0.0116894631	0.0006480439	0.0947751907	0.0031978826	0.0946317362	0.0032577015999999998	0.19663498329999998	0.0102313675	0.19775751940000003	0.0102402772	0.3965371505	0.0051802836
ecoli_colombos	ecoli_regulondb	tc1	0.0075094814	0.0003996664	0.1079648574	0.0035623987	0.0703586248	0.0030013639000000003	0.2325015917	0.0076869383	0.0635330525	0.0030441659999999996	0.1319762524	0.0054355139	0.0872450525	0.0068576202	0.0075090929	0.00045760269999999995	0.0075154301000000005	0.0003902658	0.0705734205	0.0030149798	0.0701759746	0.0033260983	0.23430701920000002	0.0128318678	0.23122707120000002	0.008756462	0.19974619329999999	0.0051390396999999996
ecoli_colombos	ecoli_regulondb	tc2	0.0161659149	0.0012366203	0.12024919099999999	0.0030090839	0.0732824983	0.0021808723	0.3352842702	0.0089161716	0.0659223431	0.0021693238	0.3223581672	0.0136892925	0.0794260721	0.0044282941	0.0161489365	0.0012203922000000001	0.0161871336	0.0012794848	0.0732184324	0.0021827711	0.0733656826	0.0024852795999999997	0.3355645187	0.012635084199999999	0.3354158251	0.011817593700000002	0.1101568652	0.0029190412
ecoli_colombos	ecoli_regulondb	tc3	0.007470149000000001	0.00039912220000000003	0.1068386333	0.0033912701	0.06958346559999999	0.0028314062	0.2305593012	0.0088678457	0.06294918320000001	0.0029906553	0.132378038	0.005584401700000001	0.0884405209	0.0053032557	0.0074679038	0.00041191660000000006	0.007476108	0.00042052699999999997	0.0695647295	0.0030284439000000003	0.0696255341	0.002908567	0.2307280957	0.011031843000000001	0.2308881426	0.0123118595	0.1987127681	0.0051643686
ecoli_colombos_operon	ecoli_regulondb_operon	ap1	0.0122967927	0.0009299225999999999	0.1306652982	0.0056396026	0.09651615960000001	0.0046159762	0.2023427993	0.0082038433	0.0897396116	0.0043203513	0.1706444275	0.0076569006000000005	0.1255576115	0.009425777	0.012291173899999999	0.0009317141000000001	0.012306171999999999	0.0009536422000000001	0.09652398289999999	0.0047812875	0.09652922970000001	0.0046745349	0.202282615	0.0108571452	0.2028398553	0.0102791329	0.3620537425	0.006486864300000001
ecoli_colombos_operon	ecoli_regulondb_operon	ap2	0.0430354199	0.008711938399999999	0.2302570891	0.0235763365	0.17994881219999997	0.0198193614	0.31989677	0.0294623987	0.1672064457	0.0193816181	0.3041502669	0.0281090925	0.2830480249	0.0311084607	0.0430457126	0.008721511999999999	0.0430603088	0.0088008498	0.179700917	0.0198255287	0.1803333945	0.0204286379	0.32027424239999996	0.0328792599	0.320652413	0.0315442716	0.26291594879999997	0.0325743397
ecoli_colombos_operon	ecoli_regulondb_operon	ap3	0.0121908924	0.0009546654	0.1299718037	0.0057550511	0.0962768475	0.0045066326	0.2000771728	0.0092000112	0.08951657880000001	0.0042872826	0.17004483350000002	0.007528693	0.1252691486	0.0094540444	0.0121893748	0.0009646335000000001	0.0121961	0.0009686921000000001	0.0963073862	0.0045710667	0.0962661829	0.0046530936	0.2001542013	0.011125562	0.2003508279	0.010700579299999999	0.3674634346	0.006297065
ecoli_colombos_operon	ecoli_regulondb_operon	mcl1	0.0108768023	0.0007993608	0.1283574277	0.005238151	0.08938250140000001	0.0047025928000000005	0.2281569604	0.0081922681	0.0822500118	0.0046501583	0.15910835550000002	0.0070358159	0.0972893869	0.006300310999999999	0.010940788600000001	0.0008390317	0.0108176977	0.0007909427	0.08940035800000001	0.0051809571	0.0893873488	0.0044064972	0.23127223100000002	0.0115417571	0.22544790690000002	0.0088653773	0.2570840772	0.0080991967
ecoli_colombos_operon	ecoli_regulondb_operon	mcl2	0.0155693915	0.0013339453	0.1482911405	0.006950974300000001	0.10660529390000001	0.0057507328	0.24386035050000002	0.010924409199999999	0.09931505550000001	0.0056259575	0.1863463536	0.0089149078	0.1188268324	0.0095171958	0.015581968	0.001380637	0.0155653067	0.0013396198	0.1065546693	0.005939235300000001	0.1066870949	0.0058520520999999995	0.24436645399999998	0.015438546599999999	0.24408581059999998	0.013458996899999999	0.3179225771	0.0091073768
ecoli_colombos_operon	ecoli_regulondb_operon	mcl3	0.011044928400000001	0.0008310095	0.129000103	0.0057798875	0.0893076215	0.0048290239	0.2327149733	0.0099289464	0.0817019054	0.004673237199999999	0.1603826337	0.007857174	0.0981842651	0.0068735704	0.011034734499999999	0.0008564006	0.0110612479	0.0008452341000000001	0.0893160082	0.0049518364	0.0893294293	0.004987084	0.23241303079999998	0.013360038000000001	0.2337367766	0.0136511475	0.2576386348	0.0080814644
ecoli_colombos_operon	ecoli_regulondb_operon	minimal	0.0138138201	0.0008718002999999999	0.1404729395	0.004365414000000001	0.09374152470000001	0.0034373625	0.28051583739999997	0.0100537803	0.08458415550000001	0.0030424928	0.2958814859	0.010991540900000001	0.0984748874	0.005677459100000001	0.0138130202	0.0009495152	0.013827241	0.0008940016	0.0937396801	0.0037298856	0.09378407	0.0036952027	0.2804209565	0.0144522522	0.2813277777	0.013990384199999999	0.1977649147	0.0059538792000000005
ecoli_colombos_operon	ecoli_regulondb_operon	strict	0.0177029426	0.0016732515	0.1531491743	0.0080676382	0.1136458903	0.0065060255	0.2349685857	0.0121703034	0.1065934074	0.0062250835999999995	0.1985863882	0.0104039077	0.168538252	0.010764995500000001	0.0177200106	0.0016813810999999998	0.0176940062	0.0017106941	0.1136390015	0.006669233399999999	0.11367719609999999	0.0065624823	0.23562648190000002	0.015148029399999999	0.2349525736	0.014819055	0.3628751331	0.0090221389
ecoli_colombos_operon	ecoli_regulondb_operon	tc1	0.013474576100000002	0.0014477665	0.13364230400000002	0.0070754742	0.08820598980000001	0.005901798000000001	0.2766689407	0.010807535200000001	0.0794996886	0.0064487443999999994	0.175648322	0.011398243600000002	0.12075544519999999	0.0097648971	0.0134516827	0.0013751839000000002	0.0135127757	0.0015909698	0.0883147626	0.0071010239000000005	0.0881769339	0.0052205973	0.2789227332	0.0143355001	0.2750222473	0.013360448999999998	0.1930537152	0.0113865797
ecoli_colombos_operon	ecoli_regulondb_operon	tc2	0.016473396799999998	0.0010796393	0.13688930529999999	0.0051802485999999995	0.0885775583	0.004381189099999999	0.3020778943	0.0103336156	0.07971331200000001	0.0041112251	0.304240562	0.0123454851	0.12001399130000001	0.0069960021999999995	0.016494655100000002	0.0010741933	0.0164626526	0.0011620906	0.08858572029999999	0.0047314261	0.0885963651	0.004296397800000001	0.3024630877	0.0143631771	0.30229411100000003	0.013794539	0.13131878019999998	0.0047066674
ecoli_colombos_operon	ecoli_regulondb_operon	tc3	0.0130939099	0.0008482260000000001	0.1309366023	0.0047662869	0.0859389835	0.003939239099999999	0.2759397209	0.0149897759	0.0778854677	0.0043532286	0.1728789266	0.007654535200000001	0.1203728026	0.008936621700000001	0.013083383	0.0009368856	0.013119225200000001	0.0008666100999999999	0.0859023438	0.0039082938000000005	0.0860210882	0.0044234374	0.2747796872	0.0189743607	0.278083027	0.018938838	0.19116425620000002	0.0071087710999999994
ecoli_dream5	ecoli_regulondb	ap1	0.0081121713	0.00037800889999999997	0.1055765607	0.0031305642	0.0792968107	0.002378484	0.1579530393	0.0052789722999999995	0.0734383439	0.0024176444	0.1406933753	0.003935791	0.1164320742	0.0044774863	0.0081139012	0.00037643400000000004	0.0081114673	0.0003902206	0.07930359769999999	0.0024996563	0.0792987401	0.002398509	0.1580172202	0.0060063949	0.1580337481	0.0065427874	0.41799753700000003	0.0032612448
ecoli_dream5	ecoli_regulondb	ap2	0.0336182333	0.0044166822	0.1932797434	0.014299698999999999	0.15309016	0.0117941624	0.2621293777	0.0182843094	0.14590325210000002	0.011322664599999999	0.26164714559999996	0.0177120407	0.2505956559	0.0192430194	0.033604753	0.0044984701	0.0336494715	0.0044160677	0.1531888922	0.0119424434	0.1530806305	0.012259713200000001	0.2620020635	0.0202594191	0.2626709524	0.0192925764	0.44510674009999995	0.0115445194
ecoli_dream5	ecoli_regulondb	ap3	0.0069463202	0.0003546052	0.1009183542	0.0031507196000000004	0.07447900730000001	0.0024318466	0.15651949980000002	0.0053427524	0.0691064235	0.0024331585	0.1326509502	0.0041026824	0.10737033050000001	0.0045655769	0.006949966899999999	0.0003603966	0.0069436014	0.0003580197	0.07446375429999999	0.0025287887	0.07450268360000001	0.0024618957	0.1569101329	0.0068169227	0.1563450121	0.006677403	0.37278406630000005	0.0037992435999999997
ecoli_dream5	ecoli_regulondb	mcl1	0.005618148000000001	0.0002960883	0.0957613044	0.0030284179999999997	0.06500354929999999	0.0024132456	0.18202194149999998	0.0066841488	0.060134892	0.0023644933999999998	0.1189888422	0.0040062275	0.076766955	0.0038336356	0.0056097332	0.0002990234	0.00562849	0.0003113194	0.06509904820000001	0.0025363909	0.064919798	0.0024426841	0.1818784246	0.008016349	0.1825242298	0.0095581895	0.2207014519	0.0051592057
ecoli_dream5	ecoli_regulondb	mcl2	0.0072946294	0.0004250316	0.1066498332	0.0037677034000000004	0.075688777	0.0029490653000000004	0.1806227437	0.0068581205	0.0707705822	0.0027060615000000002	0.1342174751	0.0049056365	0.0889092746	0.0052869574	0.0072898265	0.00042355029999999996	0.0073014594999999995	0.0004438873	0.0757477349	0.0030959565	0.0756412622	0.0029457160999999997	0.1808001773	0.0085594774	0.180783964	0.009056719100000001	0.2917429039	0.005271831899999999
ecoli_dream5	ecoli_regulondb	mcl3	0.005671742	0.0003138642	0.0962480625	0.0032064314	0.06549740150000001	0.002556175	0.1816950979	0.006899059	0.0605590164	0.0024430480999999998	0.1197515472	0.0043337913	0.0776986632	0.0046989675	0.0056739086	0.0003100939	0.0056715552	0.0003353422	0.0655142008	0.0027422215999999998	0.06549305009999999	0.0025228019	0.1823502046	0.0090009914	0.1814407304	0.0093666663	0.2208660345	0.0048444586
ecoli_dream5	ecoli_regulondb	minimal	0.0086503755	0.0003968143	0.1114557164	0.0029034137	0.07258237049999999	0.002325758	0.24031130809999998	0.0071666454	0.065853653	0.0020653827	0.2392243353	0.0077991371999999995	0.0710616091	0.0033628140999999996	0.0086572943	0.00042914580000000003	0.0086486366	0.000419051	0.0726340358	0.0024100892000000003	0.0725453708	0.002468215	0.2402354593	0.0094541301	0.240729462	0.0098239082	0.164089136	0.0040008857
ecoli_dream5	ecoli_regulondb	strict	0.0110481997	0.0005839016	0.12534170779999998	0.0038886628000000005	0.09263315650000001	0.0029272119	0.1938743482	0.0075115560999999996	0.0867512557	0.002915547	0.1581637484	0.0051433499	0.1208279366	0.0057756197999999995	0.0110548337	0.0005863381	0.0110439021	0.0006036255000000001	0.09260577699999999	0.003071917	0.0926727467	0.0029716452000000003	0.1937824464	0.009359182800000001	0.19434804170000003	0.0099935174	0.39215752200000004	0.0049342152000000005
ecoli_dream5	ecoli_regulondb	tc1	0.0073716935	0.00042767989999999996	0.1066578849	0.0033743006	0.069498095	0.0027877057	0.22971013210000002	0.007884226999999999	0.0630976233	0.0027374941999999997	0.1312981492	0.006147119	0.08260350059999999	0.0052614121	0.007380880500000001	0.0004493477	0.007366344300000001	0.00043817629999999997	0.06944925269999999	0.0029138538	0.06956613860000001	0.0028930529	0.2300641316	0.010839316299999999	0.2298589038	0.011153338700000001	0.20876261489999998	0.0055840965
ecoli_dream5	ecoli_regulondb	tc2	0.013962646100000002	0.0009234194	0.11518070150000001	0.0031926821999999997	0.0706779572	0.0024388845000000003	0.31157536809999997	0.0084985933	0.0636511147	0.0024157639000000003	0.3020302633	0.0118526168	0.0821302913	0.0046991786	0.0139758847	0.0009613289	0.0139561206	0.0009355772999999999	0.0707612613	0.0025304802	0.0706120059	0.0025924056	0.311645719	0.0112176383	0.3118994194	0.0118964591	0.10591176279999999	0.0027160602000000002
ecoli_dream5	ecoli_regulondb	tc3	0.0073366484	0.0003979293	0.1061815642	0.0033930333000000003	0.0691392384	0.0027712343	0.2292700339	0.0087078403	0.06280870200000001	0.0028451461	0.1309524935	0.005574583	0.0824916665	0.0053417483	0.0073383663	0.0004151326	0.0073387243	0.00041544879999999996	0.06916327559999999	0.0028972678999999997	0.069137568	0.0029191991	0.2293241622	0.0114604349	0.22968488399999998	0.0112911852	0.20834945920000003	0.0049950775
ecoli_dream5_operon	ecoli_regulondb_operon	ap1	0.0122700096	0.0008454128	0.1313528468	0.0052057563	0.0956650215	0.0042404556	0.2096828402	0.0081937929	0.08952171390000001	0.0039952285	0.1664454484	0.0069156442	0.1135254674	0.0089231296	0.0122753703	0.0008653719000000001	0.012268428400000001	0.0008533048	0.0957007704	0.0043462092	0.0956445903	0.0043113409	0.21025528920000003	0.010762322	0.2095388633	0.0104245038	0.36838990969999996	0.0058768578
ecoli_dream5_operon	ecoli_regulondb_operon	ap2	0.0452780125	0.0082476087	0.2282170929	0.0227968481	0.18208132010000003	0.0192486455	0.3057619681	0.0278662766	0.1719553252	0.0184798051	0.3034939917	0.026773747999999997	0.2882433943	0.029463639399999998	0.0452925243	0.0083237539	0.0453028542	0.008282397700000001	0.18231435510000002	0.0195451383	0.18205056890000001	0.0199023952	0.3062125	0.0301307607	0.3061	0.029694807200000003	0.37559415799999996	0.0226745642
ecoli_dream5_operon	ecoli_regulondb_operon	ap3	0.0113919546	0.0007043692	0.1262892876	0.0046101439000000004	0.09237832369999999	0.0036664863	0.1996716245	0.007702774399999999	0.0863759967	0.0035436507	0.1620182638	0.0057684651	0.1095699106	0.0076785306000000005	0.0113907259	0.0007171375	0.0113963317	0.0007175685000000001	0.0923341345	0.0038017269	0.0924352414	0.0036903885	0.19954133100000002	0.0099449407	0.20020005370000002	0.0099843378	0.3745787754	0.005391181899999999
ecoli_dream5_operon	ecoli_regulondb_operon	mcl1	0.0102587439	0.0007627430000000001	0.12382933630000001	0.00519567	0.0853120459	0.0043834812	0.2262647037	0.0092899237	0.0782146063	0.0042912737	0.15684941089999999	0.0076584152	0.09774122060000001	0.0071970866	0.010247775	0.0007786274000000001	0.0102757076	0.0007870202	0.08542961869999999	0.004554434600000001	0.0852217189	0.0044668518	0.2265194827	0.0123577131	0.2266048807	0.012520765500000001	0.234650831	0.0077031889000000004
ecoli_dream5_operon	ecoli_regulondb_operon	mcl2	0.0141894078	0.0011679284	0.1426880353	0.006563070600000001	0.1013785108	0.005524811899999999	0.2413064804	0.0111406524	0.09429909439999999	0.005268638000000001	0.17822430809999998	0.00899892	0.1084181191	0.0083465569	0.0141917958	0.0012011452	0.0141943271	0.0011812375	0.1013887243	0.0055735058	0.1013931258	0.0057043711	0.24159134940000002	0.0140131409	0.2416740352	0.014459996200000002	0.3039579522	0.008787023599999999
ecoli_dream5_operon	ecoli_regulondb_operon	mcl3	0.0102070456	0.0007622359	0.1236002991	0.0050543658	0.08507702699999999	0.0042574184	0.2264378758	0.0100070556	0.0779827489	0.0041432733	0.1565818638	0.0073653111	0.0974311421	0.0073710545999999995	0.0102148714	0.0007795152	0.0102041987	0.0007791939	0.0851061509	0.0044027384	0.0850741233	0.0043729599	0.22594994629999998	0.0132720328	0.2275231587	0.0125571276	0.2341082624	0.007566594300000001
ecoli_dream5_operon	ecoli_regulondb_operon	minimal	0.013285624	0.0008767444000000001	0.13715834	0.004316013400000001	0.09122301630000001	0.0034233865000000002	0.2767358511	0.010418194799999999	0.0827600637	0.0031145982	0.2781689727	0.0102821537	0.0942753262	0.005634214300000001	0.0132805508	0.000883605	0.013302111399999999	0.0009560275	0.0912086907	0.0035120945	0.0912635039	0.0036796109	0.276827423	0.0137087146	0.27719749050000003	0.0135521251	0.19842499660000001	0.005098479699999999
ecoli_dream5_operon	ecoli_regulondb_operon	strict	0.0162919773	0.0014882243	0.1491864131	0.0075515263	0.1083661195	0.0061489102000000006	0.23968725800000001	0.0120931966	0.101641259	0.0058552915	0.19142055289999999	0.0100525162	0.1549459812	0.011236468500000001	0.016302863100000002	0.0014947419	0.0162893769	0.0015271041	0.10822554359999999	0.0062242091	0.10852719640000001	0.0062515107999999995	0.2395592429	0.014914981499999999	0.24046873359999998	0.0150812581	0.3295338078	0.0089883731
ecoli_dream5_operon	ecoli_regulondb_operon	tc1	0.012402495900000001	0.0009278583	0.1284417486	0.0053556135	0.0842298642	0.004412303	0.2712831297	0.012011343999999998	0.0759884653	0.0044106376000000004	0.1684709027	0.0088084757	0.11512241109999999	0.008335095	0.0123921602	0.0009585825	0.012421646100000001	0.0009579997	0.0843379375	0.0046168363	0.08415869390000001	0.0045577824	0.2715002214	0.0147989845	0.2717253664	0.0158410007	0.1913875124	0.008372519200000001
ecoli_dream5_operon	ecoli_regulondb_operon	tc2	0.017555173700000003	0.001118617	0.1359805732	0.0046023192	0.08739469009999999	0.0037310907	0.30695263489999997	0.010520647900000001	0.07828104940000001	0.0035843493	0.303704937	0.0118592274	0.12182780439999999	0.0071091753	0.0175874685	0.0011778144	0.0175354525	0.0011552645	0.0872129957	0.0038175195000000003	0.0876074913	0.0039928287	0.30725770280000003	0.014988743	0.30728098600000003	0.0137876374	0.1181628197	0.0046990832
ecoli_dream5_operon	ecoli_regulondb_operon	tc3	0.012353921799999999	0.0009280661999999999	0.12796915109999998	0.0055968299	0.0837534823	0.0047357518	0.272288646	0.013068491399999998	0.0756837429	0.004827074000000001	0.1682600991	0.0091719046	0.11596201699999999	0.008946767	0.0123624861	0.0009840692999999998	0.012353992900000001	0.0009290957	0.0837695291	0.0047826917	0.08377515	0.005018660800000001	0.2727321311	0.0162803444	0.2726079865	0.016937008400000002	0.1915288853	0.0080962647
human_gtex	human_regcircuit_001	minimal					0.2919282235332365	0.0002649892002550596													0.2921256576695537	0.0003828770582668774	0.2917312833090651	0.0002549390032348645						
human_gtex	human_regcircuit_002	minimal					0.25592914089467006	0.0002856896104589693													0.25594841523240375	0.0002219958713812517	0.25591012485305753	0.00042888279596731496						
human_gtex	human_regcircuit_005	minimal					0.19642323091268504	0.0002968695004592333													0.1971724065799704	0.0005353518544894257	0.19568337272756958	0.0008126067630487853						
human_gtex	human_regcircuit_01	minimal					0.15083238213585376	0.0005300842426230429													0.15106964141558768	0.0007187202922220298	0.1505970118037105	0.00048051956418597094						
human_gtex	human_regcircuit_02	minimal					0.10389087340227378	0.00027500388820582124													0.10376501308597565	0.000313000634176534	0.10401774223387891	0.0003624952480507138						
human_gtex	human_regcircuit_05	minimal					0.06138002186007555	0.0006028364658396742													0.061321271153296567	0.0007352002973006131	0.061440544184582155	0.0005447599663233878						
human_gtex	human_regcircuit_1	minimal					0.045426763370602835	0.0006090622357948894													0.045289964992117224	0.0006950840322388506	0.04556565698690371	0.0005660896213780334						
human_gtex	human_regcircuit_2	minimal					0.05078814691894107	0.0008422548731233184													0.05078657632523846	0.0007660021918860013	0.05079324983202871	0.0010115973064313472						
human_gtex	human_regcircuit_5	minimal					0.09497396572197256	0.0023333645383353625													0.09417486984991773	0.002891682936393711	0.09582274944349077	0.002443081346970087						
human_seek_gpl5175	human_regcircuit_001	minimal					0.2756887884487373	0.00044374099440516843													0.27517175785593107	0.0004875950822694344	0.27620901622405736	0.0007258411443338939						
human_seek_gpl5175	human_regcircuit_002	minimal					0.24528382326226658	0.0003228267867332711													0.24472993841414115	0.0004139611131474567	0.24584036265526027	0.0002713740884986162						
human_seek_gpl5175	human_regcircuit_005	minimal					0.18915740726813932	0.0002692187828976138													0.18974027538297772	0.0005751025210334898	0.18858407571071284	0.0010132239342279937						
human_seek_gpl5175	human_regcircuit_01	minimal					0.14547786734493504	0.0003325882794108377													0.145828836892724	0.00031428652864473546	0.1451288862760527	0.0004118496644949678						
human_seek_gpl5175	human_regcircuit_02	minimal					0.10158108215691403	0.0002700280061586037													0.10127780754937656	0.00029842063501735763	0.10188976313090439	0.0006678306365301678						
human_seek_gpl5175	human_regcircuit_05	minimal					0.0619720586996942	0.0002308596796817691													0.06178492733472127	0.00040396163915278467	0.06216203202681432	0.00023823974403253627						
human_seek_gpl5175	human_regcircuit_1	minimal					0.0479960055220509	0.0006439101160862609													0.047888688875884634	0.0005666219048544959	0.048105034609385755	0.0007583154621028588						
human_seek_gpl5175	human_regcircuit_2	minimal					0.06173722705221517	0.0010707315902709156													0.061568808538924595	0.0009859215206343786	0.06191414667055269	0.0013457247955525626						
human_seek_gpl5175	human_regcircuit_5	minimal					0.11562441938067042	0.0038525934403026937													0.11606285948306237	0.0033162973287387694	0.11525256123111084	0.005061917259068995						
human_tcga	human_regcircuit_001	minimal					0.28185012499044493														0.2821366517936782	5.8168177184375124e-09	0.28156417956731883	8.226222507266453e-09						
human_tcga	human_regcircuit_002	minimal					0.24919289045713322	0.00018851497444304606													0.24921167414458212	0.00023646501250357814	0.24917412687221302	0.00014051725525566976						
human_tcga	human_regcircuit_005	minimal					0.190433724277982	0.0													0.19124444986105213	0.0	0.18962984335264646							
human_tcga	human_regcircuit_01	minimal					0.14614490620645745	0.000343230875343622													0.14652031700447443	0.000126708383261917	0.1457720079596035	0.0005562157029405189						
human_tcga	human_regcircuit_02	minimal					0.09871367795037764														0.09952740297697688	1.4542044296093781e-09	0.09791315087026525	0.0						
human_tcga	human_regcircuit_05	minimal					0.05879764007891223	0.00022215802823512162													0.05881031654584891	0.0002389463616590508	0.058785009730830166	0.0002101183509268758						
human_tcga	human_regcircuit_1	minimal					0.04348849021254933	0.00010621745611763874													0.04359691377436569	1.4903107548653925e-05	0.04338096135088339	0.00019791023492289126						
human_tcga	human_regcircuit_2	minimal					0.05541999546573665	0.0011175929895119432													0.05557958521433504	0.0009947189642843428	0.05526218430149601	0.0012453899282296608						
human_tcga	human_regcircuit_5	minimal					0.1046668482228054	0.002145895665481609													0.10701111979364107	0.0012007420288675757	0.10244002974419358	0.0030981315112737604						
synth_ecoli_regulondb	ecoli_regulondb	ap1	0.0070526526	0.00025119869999999997	0.10227918960000001	0.0022953069	0.0755590703	0.0017715758	0.1582891225	0.0043070776000000005	0.0699298661	0.0017653629	0.1279381836	0.0030508370000000003	0.0947945756	0.0036596839000000003	0.007052433100000001	0.0002546176	0.0070536096999999996	0.0002580783	0.0755656264	0.0018604666	0.0755590639	0.0018202595	0.1582452025	0.0057134117000000005	0.1584750475	0.0051918644	0.41002236420000004	0.0026421290000000004
synth_ecoli_regulondb	ecoli_regulondb	ap2	0.0204027317	0.0019718536999999998	0.15556512279999998	0.0088987988	0.1210538599	0.0070469422	0.21764786649999998	0.0124646173	0.11375829929999999	0.006937341	0.21258279859999998	0.0110274252	0.19550919390000002	0.0121576887	0.02042506	0.0019931264999999997	0.0203856301	0.0019801224	0.1209409787	0.0070426744	0.1211915196	0.007264598299999999	0.2183841227	0.0135672255	0.21716828789999998	0.0135453284	0.4513703445	0.0069754166
synth_ecoli_regulondb	ecoli_regulondb	ap3	0.0068890709	0.00024266330000000003	0.1013277507	0.0022466602	0.0746905189	0.0017313845999999999	0.15754793220000002	0.0042430158	0.0690831368	0.0017393671	0.1263160022	0.0030628020000000003	0.09298681130000001	0.0034831004	0.0068941855	0.0002458741	0.006884564	0.00024792	0.0746482955	0.0018346013	0.0747401433	0.0017841222	0.157678425	0.005276624000000001	0.1575647166	0.005595823000000001	0.4076773055	0.0026029003
synth_ecoli_regulondb	ecoli_regulondb	mcl1	0.0050531929	0.00020337049999999998	0.09476554710000001	0.002404494	0.063929007	0.0019744666	0.1832915448	0.0057011384	0.058741702	0.0019933927	0.10844288960000001	0.0032911511	0.052673116299999996	0.002692301	0.0050586660999999995	0.00021326020000000002	0.005049442800000001	0.0002142075	0.06390152959999999	0.0021073173999999997	0.0639681621	0.0020241164	0.1835545108	0.0081210759	0.18335131670000002	0.0076533502	0.2551044692	0.0036344182
synth_ecoli_regulondb	ecoli_regulondb	mcl2	0.005651705999999999	0.0002334736	0.09761401060000001	0.0025193672	0.0679886735	0.0020110857	0.1731565014	0.0056862249	0.0631162966	0.0019428522	0.1150663168	0.0035895831	0.0634100389	0.0031963871000000002	0.0056519726	0.0002377379	0.0056528678	0.00024655069999999997	0.0680322538	0.0021439145	0.0679542635	0.0020286706	0.1734545706	0.0074196149	0.1731480253	0.0077444572	0.29747561570000003	0.0037070922999999996
synth_ecoli_regulondb	ecoli_regulondb	mcl3	0.0050226702	0.000192778	0.0943169666	0.0022176482999999997	0.0635831276	0.0017936389	0.1827621087	0.0056631914	0.058500569800000006	0.0017440149	0.10805448640000001	0.0034165790000000003	0.0526292412	0.0026697571999999997	0.0050188513	0.0001998864	0.0050277638000000005	0.0002020581	0.0636498366	0.0019680999999999995	0.0635278601	0.0018145712	0.1829698914	0.0076851267	0.18281243	0.0072040428	0.2550106291	0.0036789208000000003
synth_ecoli_regulondb	ecoli_regulondb	minimal	0.0068419426	0.0002651047	0.1081680962	0.0021760837	0.0706289746	0.0016932389000000002	0.2310716901	0.0060228867000000005	0.0638768643	0.0015707906	0.20873655440000002	0.0058460722	0.054959463	0.0024967482999999997	0.0068502332999999995	0.00029158	0.006837597	0.0002878117	0.0706736969	0.0017451839999999999	0.07059651389999999	0.0018911572	0.2314109601	0.0083154916	0.23098886940000002	0.007907084	0.1916163658	0.0032294121999999997
synth_ecoli_regulondb	ecoli_regulondb	strict	0.0088640782	0.0003267121	0.1150385614	0.0025652356	0.08449384310000001	0.0020056844	0.1802477772	0.005056045	0.07872634769999999	0.0019322079000000001	0.13767656179999999	0.0035512701	0.09190398039999999	0.0042358257	0.0088697581	0.0003442785	0.008859675899999999	0.0003260694	0.08449843359999999	0.0020806108	0.08449714970000001	0.0020954184	0.180607678	0.0068779246999999995	0.1800807687	0.0062358559	0.4107201369	0.0031885502
synth_ecoli_regulondb	ecoli_regulondb	tc1	0.0061038164	0.00024439650000000003	0.1026682074	0.002770322	0.0668694557	0.0023128693	0.22137702469999998	0.0072314243999999995	0.060165567999999996	0.0024043915	0.1170093185	0.004190752	0.0655447193	0.0040274193	0.0060905785999999995	0.0002625862	0.0061199719999999996	0.0002608845	0.0669599826	0.0024294039	0.06679749389999999	0.0024553923	0.2209798818	0.0088765932	0.2221105181	0.0099584163	0.22807515879999998	0.0039589447
synth_ecoli_regulondb	ecoli_regulondb	tc2	0.0107122207	0.000587029	0.1062525776	0.002353106	0.0651130938	0.0018035338	0.2889759329	0.0071885075	0.058722601	0.0017031769000000001	0.2440457912	0.0084993516	0.064278108	0.0034039007	0.0107205972	0.0005944589	0.0107083712	0.0006197917	0.0651064569	0.0018932285	0.0651317284	0.0019245347000000001	0.2890744901	0.010115447	0.28918021309999997	0.0094163762	0.1240804622	0.0023876336
synth_ecoli_regulondb	ecoli_regulondb	tc3	0.0060941553	0.0002446709	0.1025437005	0.002713047	0.066779667	0.0022589062	0.2211979748	0.007332102900000001	0.060207427800000005	0.0023785857	0.11687794189999999	0.0041527698	0.0654184862	0.0041664928	0.006089279699999999	0.0002618995	0.0061018355000000005	0.0002615689	0.0667967894	0.0024195022	0.0667824192	0.0023866458	0.2211416818	0.0093239112	0.2215887148	0.009676056899999999	0.2278696957	0.0041017204
synth_yeast_macisaac	yeast_macisaac	ap1	0.004331965399999999	0.0001558109	0.08496453849999999	0.0019448394	0.0610405574	0.0015382307	0.139792564	0.003753856	0.056398217699999996	0.0014210792999999999	0.1040093683	0.0026904656	0.0698759083	0.0028431059	0.0043305209	0.0001591619	0.0043339712	0.0001603053	0.0610508369	0.0016200272	0.061037028	0.0015878835999999998	0.1397444145	0.0049436617	0.1399926307	0.0050169739	0.3453695558	0.0025010673
synth_yeast_macisaac	yeast_macisaac	ap2	0.0158774273	0.0011853757	0.1448572343	0.0061863562	0.107837479	0.0048695769	0.2207367729	0.0100813111	0.1019232018	0.0046604297	0.1850103892	0.007703216999999999	0.1363729049	0.0096210212	0.0158832898	0.0011957671	0.0158764809	0.001208893	0.10781696519999999	0.004977801	0.1078716167	0.0049100897	0.2208885727	0.012582297099999999	0.2210477475	0.0122191607	0.4095353933	0.0065061576000000005
synth_yeast_macisaac	yeast_macisaac	ap3	0.0039715533	0.0001362732	0.0823146042	0.0018076556	0.0584830122	0.0014751066	0.1390058106	0.0036469199	0.0540482149	0.0013987025	0.1006193975	0.0024069820000000002	0.06778671780000001	0.0027580113	0.003973804	0.0001404241	0.0039698469	0.0001399524	0.0584821625	0.0015250027	0.0584892896	0.0015313215	0.1392895408	0.0049687117	0.1388714541	0.0047792468	0.3208245252	0.0025905919
synth_yeast_macisaac	yeast_macisaac	mcl1	0.003553365	0.0001417551	0.0795989702	0.0020355295	0.052422523799999995	0.0016554565	0.1655102969	0.0050662625	0.048008637300000004	0.0015801979	0.0948486833	0.0029916643	0.0506530038	0.002329504	0.003554965	0.0001467167	0.0035527139	0.000148564	0.052436375099999995	0.0017162155999999999	0.052418957800000006	0.0017543944	0.1658429568	0.0064869235	0.1654354399	0.0071989254	0.2004763232	0.0032475096
synth_yeast_macisaac	yeast_macisaac	mcl2	0.0044873512	0.00016590209999999998	0.0882653451	0.0020693957999999998	0.059271345499999996	0.0016578029	0.1729578641	0.0050255482	0.054620228300000004	0.0015885519	0.1044377615	0.0032949846999999997	0.049110107400000005	0.0025402098	0.0044861314	0.00017365919999999999	0.0044897653	0.0001738744	0.059318910700000005	0.0017234174	0.0592328478	0.0017496304	0.1733880775	0.0067531203	0.1727840612	0.0070305617	0.25216576879999997	0.0032922051
synth_yeast_macisaac	yeast_macisaac	mcl3	0.0035657339	0.000130118	0.0797661708	0.0019815535000000002	0.052533732199999995	0.0016433518	0.1658481649	0.0048504609	0.0481367879	0.0016011303	0.09491600630000001	0.0028086705	0.050681629299999996	0.0023766257999999997	0.0035663806	0.0001410401	0.0035661346	0.0001330668	0.0525542781	0.0016980057999999999	0.0525230888	0.0017440073000000002	0.1659001286	0.006949373199999999	0.1660799424	0.006782765600000001	0.2009541798	0.0031707657
synth_yeast_macisaac	yeast_macisaac	minimal	0.0051925115	0.00018740580000000003	0.08279807	0.0018464583	0.0528252873	0.0014280529999999999	0.1915757159	0.004661659	0.047567339800000004	0.0014041597000000001	0.208575696	0.0046338424	0.06285361219999999	0.0022143362	0.005189092	0.0001942222	0.0051971686	0.0001975404	0.0528532617	0.0014808129999999999	0.0528061203	0.0015339229000000002	0.19177283050000002	0.006604426899999999	0.1915948939	0.0064639749	0.10544800119999999	0.0023411746
synth_yeast_macisaac	yeast_macisaac	strict	0.007882129	0.0003615686	0.1133629023	0.0028454249	0.0759319072	0.0023779335	0.223897961	0.0072147106	0.0695733591	0.0023426384	0.1324874129	0.0054423611	0.0680364656	0.0042304756	0.0078801848	0.00039437129999999996	0.0078873664	0.0003629953	0.075927599	0.0024601884	0.0759522763	0.0025447910000000002	0.2239987208	0.009725758499999999	0.2241329532	0.009201865699999999	0.2849522726	0.0044468074
synth_yeast_macisaac	yeast_macisaac	tc1	0.0045233249	0.0001922959	0.08492156529999999	0.0028664725	0.0535106995	0.0023026906	0.2061873433	0.0069112866	0.04734620900000001	0.0025030059	0.10473543199999999	0.0036163027000000003	0.06598476660000001	0.0035078168	0.0045224218	0.0002044856	0.004525981	0.0002003879	0.0535313739	0.0024252033	0.053512751500000004	0.0024385579	0.20666594579999997	0.009199660699999999	0.2061320984	0.0099291191	0.1502484334	0.0035123321000000004
synth_yeast_macisaac	yeast_macisaac	tc2	0.0061438867	0.00022726810000000001	0.082778705	0.0019631309	0.0517965347	0.0015119992999999999	0.2062315009	0.0048989899	0.0465948517	0.0014753386999999999	0.206281488	0.0051913263	0.072089316	0.0028272476	0.0061476654	0.0002476611	0.006142136899999999	0.0002338075	0.0517800326	0.0015832926	0.0518227453	0.001603161	0.2060699778	0.006840505699999999	0.2066037305	0.0066836996	0.08540773039999999	0.0017781754
synth_yeast_macisaac	yeast_macisaac	tc3	0.0045266956	0.0002086493	0.0848677759	0.0030246534999999997	0.053442942699999996	0.0024203498000000003	0.20658729059999997	0.0069520381	0.047373319000000004	0.0026051003	0.1048446666	0.0037516449	0.0661753887	0.0036174735999999997	0.0045229338	0.0002186785	0.004532202700000001	0.00021716599999999997	0.053515795899999996	0.0025595319	0.0533965408	0.0025645234	0.2071563861	0.0101509151	0.20646993649999998	0.0093749043	0.1502846388	0.0036347532
synth_yeast_sisima	yeast_sisima	ap1	0.0069873966	0.00041673160000000003	0.1035653765	0.0036448314	0.0748571005	0.0029474559999999998	0.1681059212	0.005898081800000001	0.0694186792	0.0028871596999999996	0.1372647538	0.0049567974	0.1156742326	0.0059633129	0.006984836800000001	0.0004205775	0.006991663299999999	0.00042737339999999996	0.07492745940000001	0.0030680260999999998	0.0748011029	0.0030081328999999996	0.16796802219999998	0.0077544352000000006	0.1685403381	0.0076629633	0.2672820004	0.0054544075
synth_yeast_sisima	yeast_sisima	ap2	0.056922171699999996	0.0124129165	0.2619972938	0.027662700699999997	0.2064472765	0.0235678811	0.3587692536	0.0336877183	0.1939007634	0.023650694700000002	0.3438353778	0.0325946868	0.3341471912	0.033191145400000004	0.0568819621	0.0122779955	0.0570121366	0.012690758799999998	0.2064443639	0.02400573	0.206631256	0.0239194091	0.3594322751	0.0355760295	0.3593107143	0.0376496173	0.1748909132	0.0418772542
synth_yeast_sisima	yeast_sisima	ap3	0.007324601500000001	0.0004845289	0.1057062377	0.0040270818	0.0762679274	0.00320927	0.1722747679	0.0064790675	0.0707482128	0.003022763	0.13939570210000002	0.0057690566	0.1146856493	0.006438989599999999	0.0073275808	0.0004886147	0.007323555600000001	0.0004955113	0.0762646305	0.0032985581	0.0762869287	0.0033071890000000003	0.1727898868	0.0082555792	0.1720937708	0.0085660739	0.2725634888	0.0059860229000000004
synth_yeast_sisima	yeast_sisima	mcl1	0.0072518734	0.0004563125	0.1064395219	0.003828598	0.0732405844	0.00315782	0.1949896686	0.0071316627	0.0676349199	0.0031540472999999998	0.1343413857	0.0057356707	0.08535340710000001	0.0052020325	0.0072512568000000005	0.0004633219	0.007255719200000001	0.0004747838	0.07326318309999999	0.0032601381	0.0732351602	0.0032521777	0.1953980418	0.0092643661	0.1950093893	0.009975325699999999	0.2346350842	0.006088745600000001
synth_yeast_sisima	yeast_sisima	mcl2	0.0081090144	0.0005560342	0.1113114267	0.0044612427000000005	0.0771525529	0.0036434146000000004	0.20006760969999998	0.0080025962	0.0716952246	0.0035013284000000003	0.1417076803	0.0065125104	0.0885806727	0.006404868100000001	0.0081208848	0.0005672958	0.0081005685	0.0005701369	0.07712847639999999	0.0037371809000000004	0.0771939921	0.0037347718	0.20080600780000002	0.0099444845	0.1996979576	0.0101254512	0.2471687314	0.0062576112
synth_yeast_sisima	yeast_sisima	mcl3	0.007275633	0.00045542160000000006	0.10676909300000001	0.003886293	0.0733996915	0.0031853932	0.1960727766	0.0072870357	0.0677480724	0.0031131584999999997	0.1345613005	0.0057210066	0.0856630456	0.0054887965	0.0072786391	0.0004653664	0.007275811700000001	0.0004705931	0.0734045361	0.0032388776	0.0734105288	0.0033089741999999998	0.196753283	0.0103450781	0.19591009480000002	0.0100096139	0.2350914698	0.0059305344
synth_yeast_sisima	yeast_sisima	minimal	0.008845530400000001	0.0005067970999999999	0.1130236536	0.0036896383	0.0747080559	0.0029890871	0.2324695309	0.0085706952	0.067637235	0.0029377418	0.2076440521	0.007452424799999999	0.09220172619999999	0.005473191999999999	0.0088492783	0.0005196373	0.0088469926	0.0005394344999999999	0.0747684389	0.0032040621999999998	0.0746672434	0.0030141484	0.2329888906	0.0120258739	0.2325078496	0.0115512982	0.1543149874	0.004533709699999999
synth_yeast_sisima	yeast_sisima	strict	0.011088351299999999	0.000798395	0.1276901565	0.005190270800000001	0.08891868800000001	0.0043138329	0.2267859382	0.0087984782	0.0825108288	0.0041469807000000004	0.15991962	0.0081523529	0.1113359927	0.0086990251	0.011096367900000001	0.0008238821000000001	0.011085836200000001	0.0008120613000000001	0.0888666892	0.0043318422999999995	0.0889894537	0.0044883961	0.2267005324	0.0113794923	0.2274048313	0.0121474036	0.2962341329	0.0065939962
synth_yeast_sisima	yeast_sisima	tc1	0.0087674822	0.0005591454	0.1124147469	0.0041903967	0.0736871729	0.0034300477	0.23765426010000001	0.0101742383	0.0668363958	0.0033573542	0.144093044	0.0066035106	0.0999704931	0.0066128217	0.008760169200000001	0.0005750637	0.0087798428	0.0005822678	0.0737298878	0.0035936984000000003	0.0736709566	0.0035436385999999998	0.23777013440000003	0.0129456769	0.2381003466	0.0131480443	0.1919043632	0.0062599029
synth_yeast_sisima	yeast_sisima	tc2	0.0102042788	0.0005665475	0.1141859692	0.0036108392	0.0739425217	0.0028648601	0.2509880154	0.0082795613	0.066555995	0.0028877065	0.2417595546	0.0085973965	0.10934594210000001	0.0056465361	0.010203071800000001	0.0005966578	0.0102124926	0.0005995016	0.0739704186	0.0029703328000000003	0.07393727480000001	0.0030443975	0.2510382665	0.0110863475	0.2514101327	0.0115181754	0.106473749	0.0040245629
synth_yeast_sisima	yeast_sisima	tc3	0.008790870400000001	0.0005712936	0.11224635710000001	0.0041457937	0.0736413348	0.0034454117	0.23666080379999999	0.0100302662	0.0668667297	0.0034916082000000003	0.1450057348	0.0070767953	0.1008293606	0.0069287889	0.0088040853	0.000587003	0.0087825734	0.000593836	0.0735562562	0.0035692358000000003	0.0737537253	0.0036072187	0.237209931	0.012705726899999999	0.2366428488	0.0128705427	0.19196388609999998	0.0062170942
yeast_dream5	yeast_macisaac	ap1	0.0049552984000000005	0.00021961259999999999	0.08968133060000001	0.002469953	0.0642875755	0.002011634	0.14833437119999998	0.0045359161	0.0595237233	0.0018834963	0.11326342539999999	0.0033318404999999997	0.0842611328	0.0035195953999999996	0.0049571828	0.0002215579	0.0049541574	0.0002259182	0.0643231735	0.0021132496	0.064260882	0.0020508802	0.1488948504	0.0058905801	0.1479882716	0.0061771696999999995	0.3192478343	0.0034303294
yeast_dream5	yeast_macisaac	ap2	0.0169887711	0.0015573475	0.1522790032	0.0079273139	0.1108811327	0.0065401701	0.2433614539	0.0121657554	0.10425929140000001	0.0062044101	0.19264736789999998	0.010552438899999999	0.1531116492	0.011484873	0.0170118226	0.0016122503	0.0169739601	0.0015483378	0.1107932644	0.0064887863	0.1109918794	0.006784837199999999	0.24359916210000002	0.014568314399999999	0.24377526440000002	0.0155594435	0.3485546596	0.0094032636
yeast_dream5	yeast_macisaac	ap3	0.0043030284000000005	0.0001972715	0.08417479439999999	0.0023548284	0.0598011609	0.0018464848999999999	0.1421695093	0.004434973	0.0555432832	0.0017725451000000002	0.1082760934	0.0033177110999999997	0.0825656694	0.0034446579999999997	0.0043047794	0.0001991304	0.0043021639	0.0002052086	0.0597806726	0.0019472204	0.0598294892	0.001869459	0.1426519945	0.005724323199999999	0.1419071998	0.00614575	0.2793428375	0.0037077523
yeast_dream5	yeast_macisaac	mcl1	0.0044494127000000005	0.00021267590000000001	0.087664046	0.002547199	0.060089922999999996	0.0021008885	0.1621898588	0.0050058266	0.0554263084	0.0020219	0.1071080935	0.0036352077000000003	0.0693008865	0.0035502328000000002	0.0044476389	0.00022026159999999999	0.0044522812	0.00021631509999999997	0.0601075353	0.0021212632	0.060082448899999995	0.0022227239	0.1621118985	0.0074210128000000005	0.1625793534	0.0067869186	0.23448970309999997	0.0043121631
yeast_dream5	yeast_macisaac	mcl2	0.0058292787	0.0003005952	0.09763867550000001	0.0029790777000000004	0.06814018690000001	0.0023991411	0.1723487591	0.0058930493000000006	0.06296040230000001	0.0022171889	0.1211044704	0.0044830289	0.073845286	0.0041744787	0.005825327	0.000310569	0.0058349226	0.0003070338	0.0682142714	0.0024838712	0.06808074480000001	0.0025192664	0.17222537489999998	0.0083026355	0.1727974539	0.0075651011	0.2693352511	0.0046031463
yeast_dream5	yeast_macisaac	mcl3	0.0044348054	0.00018732029999999998	0.08746235710000001	0.0023092506	0.0599027958	0.0018540753	0.16216430099999998	0.005304495699999999	0.0552358207	0.001856006	0.1066863289	0.0032612151	0.0690826074	0.0032610090999999996	0.0044309007000000004	0.00019116	0.0044399298	0.00019762380000000002	0.059931037	0.0019709258	0.0598850353	0.0019014819	0.1623170893	0.0073668854	0.16228932880000002	0.006841607800000001	0.2346220858	0.0038508262
yeast_dream5	yeast_macisaac	minimal	0.0059078583	0.0002323336	0.0919367259	0.0022166728	0.0607348713	0.0017777622	0.189240247	0.0047540313	0.055001839299999994	0.0016312664	0.24202218179999999	0.005929325500000001	0.0809465095	0.0026974058	0.0059076127	0.0002473552	0.005910018299999999	0.0002408798	0.060721439599999996	0.0018800051000000002	0.0607584098	0.0018452978	0.1896001437	0.0065748696999999995	0.1890743055	0.0062326533	0.12025510800000001	0.0030010251
yeast_dream5	yeast_macisaac	strict	0.0094281018	0.0005565254	0.12099203130000001	0.004254822100000001	0.0845674983	0.0035253052000000003	0.2128355402	0.0080260008	0.0781784477	0.0033307987	0.1468765618	0.0058835342	0.10353675609999999	0.006138248000000001	0.0094257207	0.0005783317	0.009434715699999999	0.0005707269	0.0846698542	0.0036090718	0.0844838613	0.0036596964	0.21320350710000002	0.0106441618	0.2129253707	0.0106390622	0.2961311642	0.005580453199999999
yeast_dream5	yeast_macisaac	tc1	0.0050368334	0.0002395123	0.0906300298	0.002873825	0.0591273258	0.0024129526	0.19447172699999998	0.0071328591000000005	0.05312472730000001	0.0026203520000000003	0.11232133529999999	0.0042964776	0.0853155676	0.0040680201	0.0050350626	0.00025125209999999997	0.0050411405	0.0002541192	0.0591327588	0.0025844858	0.059147582000000004	0.0025490718	0.1943324434	0.0098504463	0.19514718739999998	0.0104115391	0.1642989988	0.0042758959
yeast_dream5	yeast_macisaac	tc2	0.0072193809	0.0002924466	0.09357324300000001	0.0022901302	0.0598635384	0.0018276596	0.2144265176	0.0051158485999999994	0.0540782255	0.0018052895999999998	0.2452285468	0.0063562125	0.0843817028	0.0034895405	0.0072156436	0.0003098776	0.007225638	0.0003057443	0.059835382	0.0019350763	0.0599043962	0.0019204059	0.2141625228	0.0074608454	0.2149540438	0.007273555699999999	0.0939383137	0.0021570707
yeast_dream5	yeast_macisaac	tc3	0.0050128193	0.0002498766	0.09016585349999999	0.0031574993	0.0587707203	0.0026554074	0.1941305741	0.0073845176	0.0527431775	0.0028133211999999998	0.1119769984	0.0041361159	0.08515824550000001	0.0040467665	0.005008391500000001	0.00025499029999999996	0.0050194015	0.0002656423	0.0588004952	0.0028078559000000005	0.0587641712	0.0027533493	0.193568287	0.0098199755	0.1951435923	0.0099391171	0.1640855125	0.004434953
yeast_dream5	yeast_sisima	ap1	0.008378550600000001	0.0006398804	0.1124459121	0.0048717971	0.0811073297	0.0038232540000000003	0.18340990780000002	0.008162936800000001	0.0752412687	0.0035962633000000003	0.1493810882	0.0066010261	0.13036788529999999	0.007369735200000001	0.0083895475	0.0006544963	0.0083707398	0.0006462304	0.08102716480000001	0.0039102657	0.0812065767	0.0039345706	0.18398614010000003	0.010454922299999999	0.1832879259	0.010338631800000001	0.2422613309	0.0074732363
yeast_dream5	yeast_sisima	ap2	0.0473141912	0.0094312185	0.23963562019999998	0.023817017200000002	0.1865288169	0.0203144623	0.33539822329999996	0.02917777	0.1748950112	0.0196995042	0.3134241812	0.0270802142	0.2882071931	0.031135200699999997	0.047226124800000005	0.009362871	0.047475001399999994	0.0097327361	0.186532917	0.02099419	0.1866957169	0.020427016399999998	0.3354065256	0.032642325	0.33680185189999995	0.033299445	0.2797454808	0.0301594301
yeast_dream5	yeast_sisima	ap3	0.0082524126	0.0006000552999999999	0.1118023066	0.0046841783	0.0803343302	0.0037246385	0.18398948910000001	0.0080124798	0.0744771162	0.0035809932000000003	0.14748005	0.0064880824	0.1265985631	0.0069271998	0.0082428669	0.0006036752	0.0082646901	0.0006154268	0.0803557324	0.0037933040999999995	0.0803311771	0.0038521473	0.18363766210000002	0.0098391281	0.184736641	0.0102045374	0.2520506172	0.006997697
yeast_dream5	yeast_sisima	mcl1	0.008590944	0.0006735939	0.1138905489	0.0049099975	0.08052282599999999	0.0039679638	0.19473834629999998	0.0082730234	0.07448121320000001	0.0037994294	0.1484654712	0.0068279208	0.10853038300000001	0.0073797655000000005	0.0085961813	0.0006866935000000001	0.0085896996	0.0006866996	0.0804932495	0.0041419528	0.0805739088	0.0040073734	0.1949014944	0.011395014699999999	0.1950268284	0.0097670823	0.2350496417	0.0079277316
yeast_dream5	yeast_sisima	mcl2	0.009906949	0.0007859646000000001	0.12090460189999999	0.0053979347999999995	0.0859378968	0.0044432131	0.20413401890000002	0.0086610003	0.079683183	0.0043957033000000005	0.1581030476	0.0076344901	0.1138190938	0.0088454761	0.0099051309	0.0008126858999999999	0.0099139557	0.0007926828999999999	0.0859569247	0.0045109285	0.0859422302	0.004596103	0.20449210129999998	0.0108077043	0.2042816564	0.0116508562	0.23759256469999998	0.0083301248
yeast_dream5	yeast_sisima	mcl3	0.0085690679	0.0006196362	0.11391779460000001	0.0048194041	0.0805291565	0.0038753908	0.1948577231	0.0083035065	0.0744511256	0.00368382	0.148540959	0.006625680300000001	0.1085892812	0.0072592276	0.0085783228	0.0006338423	0.0085632628	0.0006294362999999999	0.0805050631	0.0040287840000000005	0.0805713235	0.0039083906	0.1952596922	0.0113048843	0.1949881952	0.0106951398	0.2342411984	0.0071286249
yeast_dream5	yeast_sisima	minimal	0.0102814154	0.0006810178	0.1210803766	0.0043886203	0.0820492715	0.0036275853999999997	0.2313230361	0.0079480208	0.0747069345	0.0034943903999999997	0.232868436	0.0097714273	0.1133035206	0.006955994399999999	0.0102734495	0.0007144024000000001	0.0102962947	0.0007001247999999999	0.0820372175	0.0037499642	0.08208503589999999	0.0037707920000000002	0.2315549755	0.011148399299999999	0.2315655235	0.010584304	0.15274903410000001	0.005090803499999999
yeast_dream5	yeast_sisima	strict	0.0136435502	0.001082742	0.1392483442	0.0061927247	0.0995497482	0.0050591679	0.2319452034	0.010427339	0.092630561	0.0047327294	0.177783105	0.0085993324	0.11622249609999999	0.010358088	0.013660496999999999	0.0010887083	0.013633463899999998	0.0011211798	0.09955403289999999	0.005264794200000001	0.09957107949999999	0.0051104677	0.23254230760000003	0.0135017765	0.2319023861	0.012892985800000001	0.30161414129999997	0.0085136745
yeast_dream5	yeast_sisima	tc1	0.0101527646	0.0007914195	0.1197045584	0.0051665757	0.0800228885	0.004310351	0.23820124199999998	0.010542876100000001	0.0730006075	0.0042904281	0.1560948164	0.008475701700000001	0.1197787872	0.0085911671	0.010171874000000001	0.0008232574	0.0101402268	0.0008041576	0.0799155692	0.0044599651	0.0801598657	0.0044350024	0.2388689159	0.0139601897	0.2381847707	0.013464124499999999	0.1886822659	0.008065160699999999
yeast_dream5	yeast_sisima	tc2	0.0129100562	0.000788512	0.1260138029	0.0043103145	0.0826462261	0.0035577507	0.2656667534	0.008402296	0.0744630116	0.0034133371000000003	0.289595909	0.0114612022	0.1218630895	0.0069154103	0.0128911992	0.0008527086	0.012941419	0.0008253888000000001	0.0828208681	0.003713454	0.0825045061	0.0037767969	0.2654187732	0.012099921299999998	0.2664638151	0.011850246699999999	0.1009583877	0.0044436757
yeast_dream5	yeast_sisima	tc3	0.0100855724	0.0007430932000000001	0.11970094279999999	0.0050951058	0.0799621943	0.0042123390999999994	0.2386469039	0.0103696652	0.0730382786	0.004153604	0.1551071494	0.0078005615	0.1187690175	0.0078718442	0.0100950133	0.0007695835000000001	0.010082032	0.0007565228	0.0799304439	0.0042744663	0.0800213112	0.0044121877	0.2390538446	0.013141346299999999	0.2388637199	0.0138632748	0.1883363875	0.0075847893
yeast_gpl2529	yeast_macisaac	ap1	0.0048208876000000005	0.0002226854	0.0884554427	0.0025084514000000002	0.0633957138	0.0019485924	0.14636564470000002	0.0048183122	0.0587617582	0.001896865	0.112808374	0.0035318319	0.087316779	0.0036548734000000005	0.0048201167	0.0002288119	0.0048223778	0.00022426639999999998	0.0634006212	0.0019672454	0.06339978389999999	0.0020708645	0.14665616880000001	0.0062626346	0.14629264820000001	0.0062463064	0.3106621696	0.0037742175
yeast_gpl2529	yeast_macisaac	ap2	0.016584421499999998	0.0015326285	0.1500253389	0.007900233000000001	0.10871852609999999	0.0062407009999999995	0.24230211079999997	0.0133432904	0.1028430242	0.0058378876	0.1917459598	0.0101957588	0.1627854592	0.0105361723	0.0165784371	0.0015434144	0.0166004621	0.0015800726	0.1087365923	0.0063763998	0.1087264142	0.006344811999999999	0.2418132516	0.016557075600000002	0.2435718173	0.016530541	0.3265685723	0.009844219599999999
yeast_gpl2529	yeast_macisaac	ap3	0.0045021023	0.0001979879	0.085186507	0.0023030865	0.061249495	0.0018221528	0.1399062853	0.0041641488	0.0567481905	0.0017405074	0.11114896310000001	0.003096176	0.0871865401	0.0037570617999999997	0.004501927199999999	0.00020645509999999998	0.0045030113	0.0001978164	0.061271951100000006	0.0018634118	0.0612347968	0.0019085429000000001	0.1399977441	0.0056821632	0.1400005973	0.0053502859	0.2984840238	0.0034559527000000002
yeast_gpl2529	yeast_macisaac	mcl1	0.0044361371	0.0002284744	0.0873030233	0.0027431858000000003	0.0595574106	0.0021804119	0.1636495593	0.0058404261	0.054925582	0.0020957281	0.107648731	0.0038713959999999996	0.071520851	0.0035966037	0.0044386858	0.0002369923	0.004434893	0.00023269639999999998	0.0595145251	0.0022348451	0.0596111615	0.0022706457	0.1638952182	0.0076209816	0.1637117941	0.0078084257	0.22000130350000002	0.0045896683
yeast_gpl2529	yeast_macisaac	mcl2	0.0059764773	0.0003020993	0.09849212289999999	0.0029736733	0.0686645023	0.0024342219	0.1743412148	0.0060800707	0.0634481586	0.0023223669	0.1233205289	0.0043017907000000005	0.0761863746	0.0045802142	0.005975935799999999	0.0003128971	0.0059786994	0.0003077892	0.0686577553	0.0025842611	0.0686838887	0.0024585498000000003	0.17449503579999998	0.008461401300000001	0.17453461809999998	0.0079536716	0.26412264809999997	0.0046782123
yeast_gpl2529	yeast_macisaac	mcl3	0.0044183198	0.0002078305	0.0870561077	0.0026065409	0.0593507275	0.0020957710999999998	0.16348640949999999	0.0057469214000000005	0.0547444384	0.0020687357999999998	0.1073277686	0.0035546002000000003	0.0713579467	0.003604944	0.0044175769	0.0002141788	0.0044203577	0.000215305	0.059366183200000006	0.0021534928	0.059345319699999996	0.002179336	0.163350363	0.008145539	0.1639730691	0.007562927	0.22011204269999998	0.0040546319
yeast_gpl2529	yeast_macisaac	minimal	0.0061520125	0.00022499150000000002	0.0933953186	0.0021668775	0.0617796043	0.0017610581	0.1914474251	0.0044777658	0.055983592699999994	0.001603251	0.2508603151	0.0060746239	0.0822752388	0.0028141752	0.0061602435	0.000236673	0.0061459934	0.0002427122	0.0617907443	0.0018332985	0.0617785048	0.0018611956	0.1914677462	0.0063235605	0.1916497467	0.0065262701	0.1187003512	0.0028233083
yeast_gpl2529	yeast_macisaac	strict	0.0104000057	0.0006097372	0.1267155079	0.004320272	0.0882449056	0.0034904337	0.22498838420000003	0.0091086182	0.0815111222	0.0033627846000000004	0.1520112076	0.006692124	0.1002640301	0.0065921863	0.010400469399999999	0.0006347633	0.0104042172	0.0006244363	0.0882151506	0.0035153535	0.0882941833	0.0037040289	0.2249361516	0.0115522712	0.2254785394	0.0114999171	0.30897039600000004	0.0059543745
yeast_gpl2529	yeast_macisaac	tc1	0.005254089599999999	0.0002579296	0.0915081796	0.0030541846999999995	0.0593633418	0.0025030396	0.2000656101	0.007280875	0.053328449400000005	0.0026306823999999998	0.1143084752	0.0042264280999999996	0.08573592640000001	0.0043653639000000004	0.0052523883	0.0002697175	0.0052580663	0.0002691624	0.0594064459	0.00260235	0.0593434271	0.002672142	0.2000363326	0.009982686999999999	0.20055956670000002	0.009958176899999999	0.16228854939999998	0.0045652444
yeast_gpl2529	yeast_macisaac	tc2	0.0085635182	0.00040385830000000004	0.09603546630000001	0.0022797036	0.06037765	0.0017745923	0.2348542022	0.005955883299999999	0.054572947000000004	0.001795828	0.2562743514	0.0067788310999999995	0.0807969584	0.0033709575	0.008567414	0.00042216730000000003	0.0085627884	0.0004184552	0.0604236188	0.0018981535999999999	0.0603424204	0.0018293145	0.234582493	0.0078338595	0.2354154077	0.0088518302	0.0911327673	0.0021897961
yeast_gpl2529	yeast_macisaac	tc3	0.0052708508999999995	0.00027019450000000003	0.0918212099	0.0034856590000000003	0.059684145599999995	0.0028900404999999997	0.19950690510000002	0.0070032797	0.053703084400000003	0.0029513131	0.114661416	0.0043416689	0.0859785486	0.0044760814	0.005274904699999999	0.0002808869	0.0052689545999999995	0.00028014939999999996	0.05967008099999999	0.0030156821	0.059720816600000004	0.0029944688	0.19971843960000002	0.0098398725	0.199786505	0.0099860983	0.162476049	0.0044355765999999994
yeast_gpl2529	yeast_sisima	ap1	0.0086299759	0.0006068941	0.1143434545	0.0047035163	0.0822698582	0.0037299310999999997	0.1875860714	0.008053615699999999	0.07602904889999999	0.0035918011	0.1503433981	0.0063013504	0.1292899775	0.006874931999999999	0.008620094699999999	0.000618584	0.008643086099999999	0.0006184831	0.08235803559999999	0.0038020913	0.0822022343	0.0038846578000000004	0.1876043855	0.0105166879	0.18801300199999998	0.0101623459	0.2573058889	0.007461357900000001
yeast_gpl2529	yeast_sisima	ap2	0.062346712900000004	0.0134994071	0.2720899666	0.028803142200000003	0.20860269550000002	0.0257674531	0.392309112	0.0323920964	0.1948455835	0.026628249500000003	0.3505122468	0.0338259179	0.3088490105	0.038829201800000004	0.0623272548	0.0135980957	0.062463549400000005	0.013681123500000001	0.2086361538	0.0261560442	0.2088293205	0.0263846734	0.392042328	0.0369612614	0.3943088624	0.0376299253	0.1896134144	0.0405101441
yeast_gpl2529	yeast_sisima	ap3	0.0084553246	0.0005874583999999999	0.11302124570000001	0.0044648326	0.08137193	0.0035292115999999998	0.18512804559999999	0.0077324216	0.0753246179	0.003409082	0.1488754218	0.0063401232	0.1278141106	0.0067472575	0.008444671899999999	0.0005937408	0.0084689786	0.000603129	0.08144165639999999	0.0036626204	0.0813212145	0.0036124173	0.18477459059999998	0.0099415745	0.1859567107	0.0103905457	0.2560091357	0.0068602092
yeast_gpl2529	yeast_sisima	mcl1	0.0086553762	0.000630951	0.1141569403	0.0046817617	0.08151688650000001	0.0037826468	0.190609088	0.007947986800000001	0.07564771990000001	0.0037181281	0.14907205980000002	0.0062959555	0.1086660933	0.0070656904000000005	0.0086376909	0.0006411668	0.008676270699999999	0.0006426944	0.0816245963	0.0038740921999999996	0.0814277908	0.0038893290999999996	0.190130606	0.0103753773	0.19153146710000002	0.0101435473	0.2551608253	0.007091137
yeast_gpl2529	yeast_sisima	mcl2	0.009922113	0.000788463	0.12062588769999999	0.0054125223	0.0871146683	0.0043720738	0.196225968	0.0083763967	0.0810503633	0.0042514790999999994	0.1597788626	0.0074295328	0.12123964109999999	0.0086562072	0.0099354004	0.0008065962	0.0099139691	0.0008035819	0.08703910570000001	0.0044567011	0.0872176333	0.0045600934000000004	0.1966169321	0.010660136399999999	0.1963520145	0.011309271200000002	0.25525896859999997	0.008010383900000001
yeast_gpl2529	yeast_sisima	mcl3	0.0086303487	0.0006405457	0.1141181744	0.0048940411	0.0815807169	0.003901887	0.1900435453	0.0083362143	0.075815959	0.0037779802000000003	0.1489495586	0.0067115139	0.1082954684	0.0066918757	0.0086203142	0.0006508633999999999	0.008643865300000001	0.000654317	0.081635178	0.0039658501	0.0815446533	0.0040289622	0.1895599579	0.0101208931	0.19092338579999998	0.0105732702	0.254961955	0.007135621
yeast_gpl2529	yeast_sisima	minimal	0.0100949978	0.0006454544	0.1211308661	0.0042427490000000005	0.0827819503	0.0034684313000000002	0.2260117086	0.0081012235	0.07542837150000001	0.003304295	0.23441762300000002	0.0091494869	0.1157833434	0.006536574	0.0101150324	0.0006648349000000001	0.0100824996	0.0006856844	0.0827425715	0.0036683527000000004	0.0828464439	0.0035675686	0.2261425436	0.010858018799999999	0.226386755	0.011419133	0.1561696222	0.0053171805
yeast_gpl2529	yeast_sisima	strict	0.0138778055	0.0011691593	0.13964752789999998	0.0065469885999999995	0.10160742769999999	0.0054503718	0.2235059369	0.0100021836	0.0944933808	0.0053003273	0.1796459533	0.0091253094	0.12201486449999999	0.0113354527	0.013894925	0.0012083716	0.0138667421	0.0011676053	0.1015510749	0.005390920400000001	0.1016887837	0.005738969799999999	0.2240238676	0.0133691214	0.22353368	0.0120706241	0.3278615041	0.0080416035
yeast_gpl2529	yeast_sisima	tc1	0.009966410600000001	0.0007952327999999999	0.1197380476	0.0053766091000000005	0.0805880162	0.0045959522	0.2336111696	0.0096367606	0.0736046484	0.0044934098	0.1548591572	0.0085717474	0.12085236460000001	0.0086445155	0.0099726602	0.0008212679	0.0099667926	0.0008116922	0.0805851468	0.0046713318	0.0806224257	0.0047990976	0.2342538802	0.012638726000000001	0.2335895431	0.0131035619	0.19342224	0.0074575933
yeast_gpl2529	yeast_sisima	tc2	0.011629030700000001	0.0007140854	0.1234347739	0.0040779281	0.08269592099999999	0.0033165009000000003	0.2436322307	0.0076891421	0.0749264046	0.0031507528999999996	0.2777396798	0.010784336499999998	0.1290163328	0.0067459991	0.0116506886	0.00075754	0.0116177159	0.0007528622	0.0826745456	0.0035195070000000003	0.082748063	0.0034973594	0.2447396408	0.010608358899999998	0.2430263475	0.0113364073	0.1031081579	0.0044579727
yeast_gpl2529	yeast_sisima	tc3	0.0099910855	0.0007192071000000001	0.1200535903	0.004954136699999999	0.0809867142	0.0041659953	0.2325622254	0.0097345244	0.0740213225	0.0041636368	0.1553571309	0.0079690777	0.1209467187	0.0085690851	0.010012192900000001	0.0007432841999999999	0.0099757417	0.0007340450999999999	0.08088200549999999	0.0043035925	0.0811202097	0.0043010345	0.23334921649999998	0.0130304868	0.2324211641	0.0130334015	0.1938873608	0.0072522462
